mutant_id,mutant_sequence
CAR_mutant_1,EVMYPPPALDNEKSNGTIIHVKGKHLCPSPLFPGPEKPFWVLQVVGGVFACYSLLVTVAFIIFWVRSKRSRLLHADYMNMTPRRPGPTRKHYQPYAPFYSFAAYRSVVKFSRSADAPAYQQGQNQLYNELNLGFREEYDVLDKRRGRDPEMGGKPQRRKNPQEGLYNELQKDKMAEAYSEIVMKGERRRGKGHRTLYQGLSTATKDTYDALHMQALPPR
CAR_mutant_2,EVMYPPPYLDNEKSNGTIIHVKGKHLCPSPLFPGPSKPFWVLVIVGGVLACGSLLWTVAWIIFWVRSKRSRLLHSDYMNWPFRRPAPTRKHYQPYDPNRDFAAYRSRVKFSRSADAEANQQGQNQLYNELNLGRREEYDVLDKRRGRDPDMGGSPQRRKNPQEGLYNELFKDKMAEAYSKIGTKGERRRGKGHDGLYQGLSTATKDTYDALHVQALPPR
CAR_mutant_3,VVMYPPPYLDNEKSNGYIIHVKGKHLCPSPLFPGPSKPFWVLVVVGGVLACYSLLVTVAFIIFWVRSKRSRPLHSDTMNRTPRRPGPTRKHYQRYAPPRDFAAYRSRVKFSRSADAPAYQQGQNQLYNELNLGRREEYDVLDKRRGRDPHMGYKPQRRKNPQEGLYNELQKDKMAEAYSEIGMKGERRRGKGHDGLYQGLSTATKDTYDALHMQALPPR
CAR_mutant_4,EVMYPPLYLDNEKSNGTIIRVKGKHLCPSPLFPGPSKPFWELVVVGGVLACYSLLVTVAFIIFWVRSKRSRLLHSDYMNMTPRRPGPTRKHYQPYAPPRDFAAYRSRVKFSRSADAPAYQQGQNQLYNELNLGRREWYDVLDKRRDRDPECGHKPQRRKNPQPGLYNELQKCKMAEAYSTIGMKGERNRGKGHDGLYQGLSTHTKDTYDALHMLALPPR
CAR_mutant_5,EVMYPPPYLDNEKSGGTIIHVKGKHLCQSPLFPGPSKPFWVLVVVGGVLACYTLLVPVAFIIFWVRSKRSRLLHSDYMNMTPRRPGPTRKHKYPYAPPRDFYAYMSRVKFSRSADAPAYQQGQNQLYNELNLGRREEYDVLDKRRGRDPEMGGKPQRMKNPQEGLYNELQKMKMAPISSPIGMAGERRRGKRHDGLYQGLSTATKQVYDALHMQALPPR
CAR_mutant_6,ENMYPPPYLDNEKSNGTIIHVKGKHLCPSPLFPGPSKPFWVLVVVGGVLACYSLLVTVAFIIFWVRSKRSRLLHSDYMNMTPRRPGPTRKHYQPYAPPRDFAAYRSRVKFSRSADAPAYQQGQNQLYNMLGLGRRSEYDVLDKRRGRDPEMCGECQRRKNPQEMLYNELQKDKMAEAYSEIGMKGERRRGKGHDGLYQGLEGAAKDTYDALHMQALPPR
CAR_mutant_7,EVMYPKPYLDNEKSNGTLIHVKGKHLCPSPLSPGHSKPFWVRVVVGGVLACYSLLVTVAFIIFWVRSKRRRLRHSDYMNMTPRRPGPTRKHWQPYAPPRDFAKYRSRVKFSRGADAPAEQQGQNQLYNELNLGRRCEYDVLDKRRGRDPEMHGKNQRRKNPQEGLYNELQKDKMAEAYAENGMKGERRRHKGHDGLYQGLSTATIDTIDALHMQALPPR
CAR_mutant_8,EVMYPPPRLDNEKSNGTIIHKKHKHLCPSPLFPGPSKPFWVLVVVGGVLECYSLLVTVAFIIFWVRNKRSRHLHSDYMNMTPRRWGPTRKHYQHYATPRDFAAYRSEHKFSRSADAPAYQQGANQLYNELNLGRREEQDVLDKRRGRDPEMGGKPQRRKNNQEGLYEKLQKDKMAEAYSEIGMKGERRRGKGHDGLYQGLSNMTKDTYDALHMQALPPR
CAR_mutant_9,EVMYPPPYLDNEKSNGTIIHVKGKHLCPSPLFPGPSKPFWVLVVVGGVLACYSLLVTVAFIIFWVRSKRPRLLHSDYMNMTPRRPGPTRKHYQPYAPPRDFAAYRSRVKFSRSADAPAYQQGQNQLYNELNLGRREEYDVLDKRRGRDPEMGGKPQRRKNPQEKLYMELQKDKMAEAFSEIGMKGERRRGWGHDGLYQGLSTATKDTYDALHMQAYPPR
CAR_mutant_10,EVMYPPPYLANWKSNGTIIHVKGKHLCPSPLFPGPSKPFWVLVVVGGVLACYSLLVTVAFIIFWVRSKRSRLLHSDYMNMTPRRPGPTRKHYQAYAPPRDFAAYRSRVKFSRSADAPAYQQGQNQLYNELNLFRREEYDRLDKRRGRDPEMGGKPQRRKNPQEALYNELQKDKMAEAYSEIGMKGERRRGKGHDGLYQGLSGATKDTYDALHMQALPPR
CAR_mutant_11,EVMYPPPYLDNEKSNGTIIHVKGKHLCPSPLFPGPSKPFWVLCNVGGVLACYSLLVTVAFIIFWVRSKRSRLLHSMYMNMTPRRPGPTRFHYQPYAPPRDFAAYRSRVKFSRSADAPAYQQGMNQLLNELNLGRREEYDVLDKRRYRDPEMGGKPQRRKNPVEGLYNELQKDKMAEAYSEIGMKGERRRGKGHDGDYQGLSTATKMTYDPLHMQALPPR
CAR_mutant_12,EVMYPPPYLDNEKSNGTIIHVKGKHLCPSPLFPGPQKPFWVLVVVGGVLACYSLLVTVAFIIFWVRSKRSRLLHSDYMNMTPRRPGPTRKHYQPYAPPRDFAAYRSRVAFSRSADAKAYQQGQNQWYQALPLCRREEYDVLDKRRGRCPEMGGKPQRRKNPQEGLYNELQKDKMCEAYSEIGMKGERRWGKGHDGLYQGLSTATKDTYDALHMQALPPR
CAR_mutant_13,EVMYPCPYVDNEKSNGTIIHVKGKHLFPSPIFPGPSKPFWVLVVVGGVLQCYSLLVTVAFIIFWVRSKRSRLLHHDYMNMTPRRPGPTRKHYQPYAKPRDFAAYRSRVKFSRSADAPAYQQGQNQLYNELNMGRRTEYDVLDKRRGRDPEMGGEPQRRKNPQEGLYNELQKDKMAEAYSEIGLKGERRRGKGHDGLYQGLSTATMDTYDALHMQALPPR
CAR_mutant_14,EVMYPPPYLDNEKSNGTIIHVKGKHLCPSPLFPGPSKPFWVLNVVGGVLACYSLLVTVAFIIFWVRSKRSRLLHSDYMNMTPERPGPTRKHYQPYAPPRDFAAYRSRVKFSRSADAPAYQWGQNQLYNELNLGRREEYDVLDQRRGRDPEMGGKPQRRKNPQEGLYNELQKDKMAEAYSEIGMKGGRRRGKGHDGLYQGLSTATKDTYDALHMQALPPR
CAR_mutant_15,EVMYPPPYLDNEKSNGTIIHVKGKHLCPSPLFPGPSKPFWVLVVVGGVLACYSLLVTVAFIIFWVRSKRSRLLHSDYMNKNPRRPGPTRKHYQPYAPPRDFAAYRSRVKFSRSADAPAYQQGQGQVYNELNLGRREEYDVTDKRRGRDPEMGGKPQRRKNPQEGLYNELQKDKMAVAYSWDGMKGERRRGKGHDGLYQGLSTATKDTYDALHMMALPPR
CAR_mutant_16,EVMYPPPYLDNEKSNKTQIHVKFKHLCPSPAFPGPSKPFWVLVVVNGVLACYSLLVTVAFIIFWVRSSRSRLGHQDYMNMTPYRPGPTRKHYQPYAPPRDFAAYMSRVKFSRSADAPAYQQGQNQLYNELNWGRREEYDVLDKRRGRDPEMGGKPWRRKNPHEGTYNELQKDKMAEAYSERGMKTERRRGKGHDGLYQGLSTATKDTYDALHQQALPPR
CAR_mutant_17,EVMYPPPYLDNEKINGTIIHVKGKHLCPSPLFPGPSKPFWVLVVVGGVLACYSLLVTVAFIIFWARSKRSRLLHSDYMNMTPRRYGPTRKHYQPYAPPRDFAAYRSRVKFSRSADAPAYQQGQNQLYNELSLGRRQEYDVLDKRRGRDPMMGGKPQRRKNPQEGLYNELQKDKMAEAYSEIGMKGERRRGKGHDGLYQGLSTATKDTYDALHMQALPPR
CAR_mutant_18,EVMYPPPYLDNEKSNGTIIHVKGKHLCPSPLFPGPSKPFWVLVVVGGVLACYSLLVTVAFIIFWVRSKRPRLLHSDYMNMTPRRPGPTRKHYQPYAPPRDFAAYRSRVKFSRSADAPAYQQGQNQLYNELNLGRREEYDVLDKRRGRDPEMGGKPQRRKNPQEGLYNELQKDKMAEAYSEIGMKGEFRDGKGHDGLYQGLSTATKDTYDALHMQALPPR
CAR_mutant_19,TVMYPPPYLDNEKSNGTIIHVKGKHLCPSPLFPGPSKPFWVLVVAGGVLACYSDLVTVAFIIFWVRSKRSRLLHSDYMNMTPRRPGPTRKHYQPYAPPRDFAAYRSRVKFSRSAGAPAYQQGQNQLYNELNLGRREEYDVLDKRRGRDPEMGGKPQRRKNPQEGLYNELQKDKMAEAYSEIGMKGERRRGKGHDFLYQGLSTATKDTYDALHMQALPPR
CAR_mutant_20,EVMYPPPYLDNIKSNGTIIHVKGKHLCPSPLFPGPEKPFWVLVVVGVVLACYSLLVTVHFIIFNVRSKGSRLLLSDYMNMTPRRPGPTRKHYQPYAPPRDFDMYRSRVKFSRSADAPAYQQGQNQLYNELNCGRREEYDVLDKRRGRDPEMGGDPQRRKNPQEGLYNELDKDKMQGAYSEIGMKGERRRGKGHDGLYQGLSTATKDTYDALHMQALPER
CAR_mutant_21,EVMYPPPYFDNEKSNGTIIHVKGKHLNPSPLFPGPSKPFWVLVVVGGVLACYSELVTVAFIIFWVRSKVSRLLHDDYMNHTPRRPGPTRKHYQPYAPPRDFAAYRFRVKFSRSADAPAYQQGQNQLYNELNLGRREEYDVLDKRRGRDPEMGGKPQRRKNPQEGLYNELQKDKMAEAYSEVGMKGERRRGKGHDGLYQGLSTATKDTYDALHMQALPTR
CAR_mutant_22,EAMYPPPYLDNEKSNGTIIHVKGKHLCPSPLFPGPSKPFWVLVVVGGVMQCYSLLVTVAFIIFWVRSKRSRLLHSDYMNMTPRRPGPTRKHYQPYAPPRDFAAYRSRVKFSRSADAPAYQQGQNQLYNELNLGRREEYDVLDKRRGRDPYMRGKPQRRKNPQEGLYNELQKDTMAEAYSEIGMKGERRRGKGHDGLYQGLSTATKDTYDALHMRALPPR
CAR_mutant_23,EVQYPPPYLDNEKSNGTIIHVKGKDLCPSPLFPGPSKPFWVLVVVGGVRACYSLLVTVAFIIFWVRSKGSRLLHSDYMNMTPRRPGPTRDHYQPYAPPCDFAAYRSRVKFSQSADAPAYQQGQNQLYNELNLGRRCEYDNLDKRRGRDPEMGGKPQRRKNPQKGLYNELQKDKMPEAYSEIGMKGERRRGKGHDGLYQGLSTATKDTYDALHMQALPPR
CAR_mutant_24,EVMYCQPYLDNEKSNGTIIHVKYKHLCPSPLFPGPSKPFWVLVVVGGVLAAYSLLVTVAFIIFWVRSKRSRLLHSDYMNMAPRRPGPTRKHYQIYAPPRDFAAYGSRVIFSREADAPAYQQGQMQLYNELNLGRREEYDVLDKRRGRDPEMGGKPKRRKNPQEGLYNEWQKDMEAEAYSEIGMKGERRRGKGHDGLYQGLSTATKDTYDALHMQMLPPR
CAR_mutant_25,EHMYPPPYLDNEKSNGTIIHVKGKHRCPSPLFPGPSKPFWVLVVTGGVLACYSLYVTFAFIIFWVRSKRSRLLHSDYMNMTPRRPGPTRKFYQPYAKPRDFAAYRSRVKFSRSADAPNYQQGQNQLYNELNAGRRFEYDVLDKRRGRDPEMGGFPMRRKNLQEGLYNELQKDKMAHAYSEIGMKGERRRGKGHDGLYQGGSTMTKDTYCALHMQALPPR
CAR_mutant_26,EVMYPPPYLDNEKSPGTCIMVKGKHLCPSPLFPGPSKPFWVLVVSGYVLACYSLLVTVAFIIFWVPSKRSRVLHSDYMNMTPRRPGPTRKHYQHYAPPMDFAAYRSRVKFSRSADAPAYAQGQNRLYNELNLGRRMEYDVLDKRRGRDPEMGGKPQRRKNEQEGAYNELQKDKMAEAYSEIGMKGERRRGKGHDGLYQGLSTATKWTYLALHMQALPPR
CAR_mutant_27,EVMYQPPYLDNEKSNGTIIHVKGKHLCPSPLFPGPVKPFWVLVVVGGVLACYSLLVTVAFIIFWVRSKRSRLLHSDYMNMTPRRPGPTRKHYQPYAPPRDFAAYRSRVKFSRSADAPAYQQGQNQLYNELNLGRREEYDVLDKRRGRDPEMGGKPQRRKNPQKGLYNELWKDKMAEAYSEIGMKGERRRGKGHDGIYQGLSTATKDTYDALHMQALPPR
CAR_mutant_28,EVMYPPPYLDNEKMNGTIDHVKGKHLCPSPLFPGPSYPFWVLVRVGGVLACYSLLVTVAFIIFWVRSKRSRLLHSDYMNMTPRRPGPTRKHYQPYAPPRDFAAYRSTVKFSRSADARAYQQGQNQLSNELNLGRREEYDYLTKRIGRDPEMGGKPQRRKCPQEGLYSELQQDKMAEAYSEIGMKGERRRGKGHDGLYQGVSTATKDTYDALHMQALPPR
CAR_mutant_29,EVMYPPPYLDNEKSPGTIIHVKGKHLCPSPLFPGPSEPFWVLVVVGGVLACYSLLVTVNCIIFWVREKRSRLLHEDYMNMTPRRDGCTRKHYQPYAPPRDFAAYCSRVKFSRSADAPAYQQGQNQLYNELNLGRREEYDVLDKRRARDPEMGGKPQRRKNPQEGLYNELQKDKMAEAYSCIGMKGERRRGKGHDGLYQGLSTATKDTYDALHMQALPPR
CAR_mutant_30,EVMYPPPYMDNEKSNGTIITVKGKHLCYSPLFPGPSKPFWVLVVVKGVLACYSLLVTVAFIIFWVRSKTSRLLHSDYMNNTPRRRGPTRKHYQPYAPPRDFAAYRSRVKFSRSADAPAYQQGQWQLYNELNLGRREEYDVLDGRRGRDPEMGGKPQRRKNPQEGLYNELQKDKMAVAYSEIGMKGERRRGKGHDGLYQGLSTATKDTYDALHMQWLPPR
CAR_mutant_31,EVMYPPPYLDNEKSNGTIIHVKGKHLCPSPLFPGPSKPFWVLVVVGGVLACYSLLVTVAFIIFWVNSKRSRLLHSDYMNMTPRRPGPTRKHYQPYAPPRDFAAYRSRVKFSRSADAPAYQNGQNQLYNELNLGRREEYDVLDKRRGRDPEMGGKPQRRKNPQEGLYNELQKDKMSEAYSEIGMKGERRRGKHHDGLYQGLSTATKDTYDALHMQALPPR
CAR_mutant_32,EVMYPPPALDNEKSNGTNIHVKGKHLCPSPLFPGPSKPFWVLVEVGGVLACYSLLVTCAFIIFWVRSKASRMLHSDYMNMTPRWPGPLRKHYQPYAPPRDRAAYRSRVKFSRSADAPAYQQGQNQLYNELNLGRREIYDVLDKRRGRDPEMGGKPQRRELPQEGLYNELQKDKMAEAYSEIGMKGERRRGKGHDGLYQGLSTATKDTYDALHMQALPPR
CAR_mutant_33,EVYYPPTYLDNEKSNGHIIHVKGEHLCPSPLFPGPSKPFWVLVVVGGKLACYSQLITVAFIIFWVRSKRSRLLWSDYMNMTPRRPGPTRKHYQPYAWPRDFSAYRSSVKFSRSADAPAYQQGQNQLMNELNLGAREEYDVLGKRRWRDLEDGGKPQRRKNPQEGLYNELQKDKMAEAYSEIGMLGERRRGKGHDGLYQGLSTAHKDTYDALHMNALPPR
CAR_mutant_34,EVMYPPPYLDNEKSNGTIINVKGKHLCPSPLFPGPSKPFWVLVVVGGVLACYSLLVTVAFIIFWVRSKRSRLLHSDYMNMTPRRPGPTRKHYQPYAPPRDFAAYRSRVKFSRSADAPAYQQGQNQLYNELNLGRREEYDVLDKRRGRDPEMGGKPQRRKNPEEGLYNELQNYKMAEAYSEIGMKGERRRKKGHDGLYQGLSTATADTYDALHMQALPPR
CAR_mutant_35,EVMYPVPYLDNEKSMGTIIHVKGKHLCPSPLFPGPSKKEWVLVVVGGVLACTSLLVTVAFIIFWVRSKRIRLLHSDYMNMTPRRPGPTRKHYQPYAPPRDFAAYRSRVKFSRSNDAPAYQQGQNQLYNELNLGRREEYDVLDKPRGRDPEMGGKPQIRKNPQEGLYNELQKDKMAEAYSEGGMKGERRRGKGHDGLYDGLSTATKDTYDALHMQALPPR
CAR_mutant_36,EVMYPPPYLDNEKSNGTIIHVKGKHLCPSPLFNGPSKPSWVLVVVGGVLACYSLLVTVAFIIFWVRSKRSRLLHSDYMNMTPRRPGPTRKHYQPYAPPRDFAAYRSRVKFSRSADAPAYKQGQNQLYNELNLSRREEYDVLDKRAGRDPEMGGKPQRRKNPQEKLYFELQKDKMAEAYSEIGMKGERRRGKGHDGLYQGLSTATKDTYDALHMQALPPR
CAR_mutant_37,EVMYPPPYLDNEKSNGTIIHVKGKHLCPSPLFPGTSEPFWVLVVVGGVLACYSLLVTVAFIIFWVRSKRSSLLHSAYMNMTPRRPGPTQKHYQPYAPPRDFAAYRSRVKFSRSADAPASQQGQNQLYNELNLGRREEYDVLDKRRGRDPDMGGKPQRRKNPQEGLYNELQKDKMAEATSEIGMKGERRRGKGHDGLYQGLSTATKDTYDAYHMQALPPR
CAR_mutant_38,EVMYPPPYLDNEKSNGTIIHVIGKHLCPSPLFPGPSKPFWVLVPVGGVLPCYSLLVTVAFIIFWVRWKRSRLLHSAYMNMTPRRPGPTRKHYQPYAPPRDFAAYRSRVKFSRSADAPAWQQGQNQLYNELNLGRREEYDVLDKRRGRDPEIGGKPQRRKNPQEGLYNELNKDKMAEAYSEIGMKGERRRGKGHDGLYQGLSTATKDTYDALHMDALPPR
CAR_mutant_39,EVMYPPPKLDNEKHNGAWCHVKGKHLCPSPLMPGPSKPFWVLIVVGGVLACYSLYVTVAFIIFWVRSKRSRLLHSDYMNMTPRRPGPTRKHYQPYAPPRDFAAYRSRVKFSRSADAPAYQQGQNQLYNELNLGRREEYDVYDKRRGRDPEMGGKPQRRKNPQEGLYNELQKDKMAEADSEIGMKGERRRGKGWDGLYPGLSTMTKDTYDALHMQYLPPR
CAR_mutant_40,EVMYPPPYLDNEKSNGTIIHVKGKHLCPSPLFPGPSKPFWVLVVVGGVLACYSLLVTVAFIIFWVRSKRSRLLHSDYMNMTPRRPGRTRKHYQPYAPPRDFAAVKSRVKFSRSADAPAYQQGQNQLYNELNLGRREELDVLDKRNGRDPEMGGCPERRKPLQEGLYNELQQDKMAEAYSVIGMKGEWRRGKGHDGLYQGLSTATGDTYDALHMQALPPR
CAR_mutant_41,EVMYPPPYLDNEPSNGTIIHVKGKHLCPSPLFPGPSKTFWVLVVVGGVHACYSLLVTVAFIIFWVRSKRSRLLHSDYMNMTPRRPGPTRKHYQPYAPPRDFAAYRSRWKFSRSADAPAYQQGQNQLYNELNLGRREEYDVLDKRRGRDPCMGNKPQRRKNPQEGLYNELQKDKMAEAYLEVGMKGERRRGGGHDGLYQGLSTATKDTYDALHMQALPPR
CAR_mutant_42,EVMRPPPYLDNEKSNGTIIHVKGKHLCPSPLFPGPSKPAWVLVVVGGWLACQSLLVTVAFIIFWVRSKRSRVLHSDYMNMTPRRPGPTRKHYQPYAHPRDFAAYRWRVKFSRSADADAYQQGQNQLWNELNLGRREEYDVLDKRRGRDPEMGGKPQRRKNPQEGLYNELQKDKMAEAYSEIGMKGERRRGKGHDGLYQGLSTATKDTYDALHMQALPPR
CAR_mutant_43,EVMYPPPYLDNEKSNGTIIHVKGKHLCPSPLFPGPSKPFWLLVVVGGVLLEYSLLVSVAFIIFWVRSKRSRLLHSDYMNMTPRRPGPTRKHYQPYAPPRDFAAYRSEVKFSMSADAPAYQQGFNQLYNELNLGRREEIDVLDKRRGRDPEMGGKPQRRKNPGPGLYCELQKDKMAEAYSEIHMKGERRRGKGHDGLYQGLSTATKDTYDALHMQALPPR
CAR_mutant_44,EVMYPPPYLDNEKSNGTIIHVKGKHLCPSPLFPGPSKPFWVLVVVGGVLACYSLLVTVAFIIFWVRSKRSRLLHSDYMNMTPRRVGPTRKHYQPYAPPRDFAAYRSRVKFSRSADAPAYQQGQNQLYNILNLGRREEYDVLDKRRGRDPEMGGKPQRRKNPQEGLYNELQKDKMAEAYSEIGMKGERRRGKGHDGLYQGLSTATKDTYIALHMQALPPR
CAR_mutant_45,EVMYPPPYLDNEKLNGTIIHVRGKHVCPSPLFDGPSKPFWVLVVVGGVLACYSLLVTVAFIWFWVRSKRSRLLHGLDMNMTPRRPGPTRKHYQPYTPPRDFAAYRSRVKFSRSADHPCYQQGQNQLYNILYLGRRLEYDVLDKRRGRDPEMGGKPQRRKNPQEGLYNELQKDKMAEAYSEIGMKGERRDYKGHDGLYQGLSTCTKDYYDALCMQALPPR
CAR_mutant_46,EVMYPPPYLDNEKSNGTIIHVKGKHLCPRPLFPGPSKPFWVMVVVGGVLACYSLLVTVAFIIFWVRSKRSRLLHSDYMNMTPRRPGPTRKHYQPGRPPRDFAAYRSRVKFSRSADAPAYQQGQNQLYNELNLGRREEYEVFDKRRGRDPEMGGKPQRPKFPQEGLYNELQKDKMAEAYSEIGMKGERRRGKGHKGLYQGLSTYTKDTYDALHMIALPPR
CAR_mutant_47,EVMYPPPYLDNEKSNGTIIHVKGKHLCPSPLFPPPSKVIWVLVVVHGVLACYSLLMTVAFIIFCVRSKRSFILHSDDMNMTPRRPGPTRKHYQPYAPYRDFAAYRSRVKFSRSADAPAYQQGQNQLYNELNLGRREVYDVLDKRRGRDPEMGGKPQRAKNPQEGLYNFLQKDKMAEAYSEIGMKGERRRGKGHDGLYQKLSTATKDTYDALHMQALPPR
CAR_mutant_48,EVMYPPPYLDNEKSNGTIIHVKGKHLCPSPLFPGPSKPGWVLVVVGGVLACYSLLVTVAFIIFWVRSKRSRLLHSDYMNMTPRRPGPTRKHYQPYAPPRDFAAYRSRVKFHRSADAPAYQQGQNQLYNELNWPRREEYDVLDKRRGRDPEMGGKPQRRKNPQEWLYNPLQKDKEAEAYSEIGMKGERRRGKGHDGLYQGWSTATKDTYDALHMQALPPR
CAR_mutant_49,EVMYPPPYLDNEKSNGTIIHVKGKHLCPSPLFPGPSKPFWVLVVVGGVLACYSLLMTVAFIIFWVRSKRSFLLHSDYMNMTPRRPGPTRKHYQPYAPPREFAAYRSRVKFSRSADAPAYQQGQNQLYNEANLGRREEYDVLDKRRGRDPEMGGKPQRRKVPQEGLYNELQKDKMAEAYSEIGMKGERRHGKGHDALYQGLSTATLDTYDALHMQALPPR
CAR_mutant_50,EVMYPPPYLDNEKSNGTIIHVKGKHLCPSPLFPGPSKPFWVLVSIGGVLACYSLLVTVAFIIFWVRSTRQRLLHSDYMNMTPFRPGPTRKHYQPYAPPFDFAAYRSRKKFSRSADAPAYQVGQNQLYNELNLGRREEYDCLDKRRGRDVEMGGKPQRRKHPQEGLYWELQKDKMAEIYSEIGMQGERRRGKGHDGLYQGLSAATKDTYDALHMQALPFR
CAR_mutant_51,EVMYPPPYLDNEKSNGTIIHVKGKHLCPSPLFPGPSKPLWVLVVVGGVLACYSLLVTVAFIIFWGRSKRSRLLHSDYMNMTPGRPGPTRKHYQPYAPPRDFAAYRSRSKFSRSADAPAYQIGQNQLYPTLNLGRREEYDVLDKRRGRDPEMGWKPQRRKNPQEGIYNELQKDKMAEAYSEQGMKGERRRVKWHDGLYQGLSTATKDTYDALHMQALPPR
CAR_mutant_52,EVMYPPPYLDNEKSNGTIIHVKGKHLCPSPLFPYHSKPFWVHVVVRGVLACYSLLVTVANIIFWVRSKMSRLCHSDYMNMTPRRPGPTRKHYQPYAPPRDFAAYRSGVKFSRSADAPAYQQGQNQLYNELNLGRPYEYDVLDKRRGRDPEMGCKPQRRKNPQEGLYNELQKDKMAEAYSEIGMKGERRRGKGTDGLYQGLSTATKDTYDALHMQALPPR
CAR_mutant_53,EVMYPPPYLDNEKSNGTIIHVKGKHNCPSPLFPGPSKPFWVLVVVGGVLACYSLLVTVAFIIFWVRSKRSRGLHSDYMNMTPRRPGPTRKHYQPYAPPRDFAAYRSRVKFSQSADAPAYQQGMNQLYNELNLGRREEYDVLDKLRGLDPEMGGKPQRRKNPQEGLYNELQKDKMAEAYSEIGMKGEWRAGKGHDGLYQGLSTATKDTYDALHAQALPPR
CAR_mutant_54,EVEYPPPYLDNEKSNGTIIHVKGKHWCPSPLFPGPSKPFWVLVKVGDVLADYSLLVTCAFIAFWVRSKRSRLLHSDYMNMTPRRPGPTRKHYQPYRPPRDFAAYRSRVKFSRSADAPAYQYGQNQWYNELNLGRRVEYDVLDKRRGRDPNMGGKPQRRKNPQEGLYNELQKDKMAEAYSEIFMKGERRRGKGHDGLYQGLSTATKDTYDALHMQALPPR
CAR_mutant_55,EVMYPPPYLVNEKSNGTVIHVKPKHLCPSPLFPGPSKPFWVLVVVGGVLACYSLLVTVAFIIFWVRSKRSRLLHSDYMPMTPRRPGPTRKHYQPYAPPRDFANYRSRVKFSRSADAPAYQQGQNQLYNELNLGRREEYDVLDKRRGRFTEMGGKHQRRKNPQEGLYKELQKLKMAEAYSEIGMKGERRRGKLHDGLYQGPSTATKDTYDALHMQALPPR
CAR_mutant_56,GVMYPPPYLDNEKSNGTIIHVKGKHLCPSPLFPGPSHPFWVLVVVGGVLACYSLLVTVAFIIFWVRSKRSRLLHSDYMNMTPRRPGPTRKHYQPYAPPRDFAAYRSRVKFSRSEDTPAYQQKQNQCYNELNLGRREEYDVLDKRYGRDPEMGGKPQRRKNPQEGLYNELQKDKMAEAQSEIGMFGERRRGKGHDGLYQGLSTATKDTYDALHMQALPPR
CAR_mutant_57,EVMYPPPYLDNEKSNGTIIHVKGKHLCPSPLFPGPGPPFWNLVMGGGVLACYSLLVTVAFIIFWVRDKRSRLLHSDYMNMTPRRPGPTRKHGQPYAPPRDFAAYRSRVKFSRSADAPAYQQGQNQLYNELNLGRREEYDVLDKRRGRDPEMGGKPQRRKNPQEGLYNEYQKDKMAEAYSEIGMKGERRRGKGHDGLYQGLSTATKDTYDALHMQALPPR
CAR_mutant_58,EVMYPPTYLDNEKSNRTIIHVKGKHLCPSPLFPWPSKPFWVLVVVGGVLACYSLLVTVAFIIFWMRSKRSRLLHSDYMNKTPRRPGSTRKHYQPYAPPMDFAAYRSRVKFSRSADAPAYQQGQNQLYNELNLGRREEYDVLDKRRGRDPEMGGKPQRRKNKQEGLYNELQKDKMAEAYSEIGMKGVRRRGKGHDGLYQGTSTATKDTYDALHMQALPPR
CAR_mutant_59,EVMYPPPDQDNEKSNGTIIHVMGKHTMPSPLFPGPSKPFWVLVSVGNVLACYSLLVTVAFIIFWVRSKESRLLHSDYMNMTPRRPGPTRKHYQPYAPPIYFAAYRSRVKFSRSADAPAYQQGQNQLYNELNLGRREEYDVLDKRRGRDPEMGGKPQRRKNPQEGLYNELQKDKMAEAYSEIGMKGERRRGKGHDGLYQGLSTATKDTYDALHMQALDPR
CAR_mutant_60,IVMYPPPYLWDEKSNGCIIHVKGKHLCPSPLFPGPSKPFWVLVVVGGVLACYSLLVTVAFIIFWNRSKRSRLLHSDYMNMTPRRPGPTRKHYPPMAPPRDFAAWRSRVKFSRSADAPAYQQGQNQLYNELNLGRREEYDVLDKRRGRDPEMGGKPQRRKNPMEGLYNELQKDKMAEAYSEIGMKGDRRRGKGHDGLYQGLSTATKDTYDALHMQALPPR
CAR_mutant_61,EVMYPPMHLDNETSNGTIIHVKGKHLCPSPLFPGPSKPFWVLMFFGGVLACFSVLVTVAFIIFWVRSKRSRLLHSDYMNMTPRRPGPTRVHYQPYAPPRDNAAYRSRVKFSRSADAPAMQQGQNQLYNELNLGRREEYDVLDKRRGRDPYMGGKPQRRKNPQEGLYNELSKDKMIEAYSEIGMKGEGRRGKGHDGLYQGLSEATKDYYDALHMQALPPR
CAR_mutant_62,EVMYPPPYLSNEKSNGTIIHVKGKHLCPSPLFPGPSKPFWVLVVVGGVLACYSLLVTVAFIIFWVRSKRSRLLHSDYMNMTPRRPGPCRKHYQPYAPPPDFAAYRSRVKFSRSADAPAYQQGQNQLYNEHNAGRREEYMVLDKRRGRDPEMGGKPQRRKNPQEGLYNELQRDKMDEAYSEIVMKGERRRGKGHDGLYQGGSTATNDTYDALHMQALPPR
CAR_mutant_63,EVMYPPPYLDNEKSNGTIIHVKGKHLCPLSLFPGPSKHTWVLVVVGGVLACYSLLPTVAFIIFWVRSKRSRLYHSDYMNMTPRRPGPTRKHYQPYAPPRDFAAWRDRVKFSYSADAPAYQQGQNQLYNELNLGRREENDVLDKRRGRDPEMGGKPQRRKNPQEGLYNELQKDKMAEAYSEIGMKGEDRRTKGHDGLYQGLSTATKDTYDALHMQALPPR
CAR_mutant_64,EVMYPQNYLDNEKSNGTIIHVFGKHLCPKPLFPGPSKPFWVLVVVGGVLACYSLLVDVAFIIFWVRSKRSRLLHSSYMYMTPLRPGPTRKHTQPYAPPRDFAACRSRVKFSRSADAPAYQQGQNQLYNELNLGRREEYDVLDKREGRDPEMGGKPQRRKNPQEGLYREEQKDKMCEAYSEIGMKGERRRGKGHDGQYQGLSTATKDTYDALHMQALPPR
CAR_mutant_65,EVMYPPPYLDNIKSNGTIIHVCGKHLCPSPLFPGPSKPFWVLVVVGWVLACYSLLYTVAFIIFWVRSKRSRLLHSDYMNMTPRRPGPTRKHYQPEAPPRDFAAYRHRVKASRSADAPAYQQGQNQLYNELNLGQREEYDVLDKRRGRDPFMGGKPQRRKNPQEGLYEELQKDKMAEAYSNIGMKSERRRGKGHDGLYQALSTATKDTYDALHMQALPPR
CAR_mutant_66,EVMYPPPYLDNEKSNGTIIHVKGKHLCPSPLFPGPSKPFHVLVVVGGVLACYVLLVTVAFDIFWVRSKNSRLLHSDYMNMTPRRPGPTRKHYQPYAPPRDFAAYRSRVKFSRSPDAPAYQQGQNQKYNELNLGRREEYDVLDKRRGRDPEMGGKPQRRKNPQEGLYNELQKDKMAEAYSEIGMKGERRRGKGHDGLYQGDSTATKDTYDALHMQALPPR
CAR_mutant_67,EVMYPPPYLDNEKVNGTIIHVKGKHLLPEPLFPGDSKPFWVLVVVGGVLACYSMLVTVAFIIFWVRSKRSRLLHSDYMNMTPRRPNPTRKHYQPYAPPRPFAAYRPRVKFIRSQDAPAYQQGQNQLYNELNLGRREEYDVLDKLRGRDPEMGGKPQRRKQPQEGLYNELQKDKMAEAYSEIGMKGERRRGKGHDGYYQGLSTHTKDTYDALHMQALPPR
CAR_mutant_68,EVMYPPPYLDNEKSNGTIIHVKGKHLCPSPLFPGPSKPFWVLVVVGGVLACYSLLVTVAFIIFKVRSKRSRLLHSDYMNMTPRRPGPTRKHYQPRAPPRDFAAYRSRVKFIRSADAPAYPQGQNQLYNELNLGRREEYDVLDKRRGRDDEMGGKPQRRWNPQEGLYNEQQKDKMAEAYSEIGMKGERRRGKGPYGLYLGLCTATKDTYDALHMTALPPR
CAR_mutant_69,EVMYPPPYLDNEKSNGTIIHVKGKHLCPSPLFPGPSKPFWVLVVVGGSLACYSLLVTVAFIIFWVRSKRSRLLHSDYMNMTPRRPKPTRKHYQPYAPPRDFAAYRSRVVDSRSADTCAYQQGQNQLYNELNLGRREEYDVLDKRRGRDPEMGGWPQRRENPQEGLYNELQKDKMAMAYSEIGMKGERRRGKGHDGLYQGLETAEKDTYDALHMQLLPPR
CAR_mutant_70,EVMYPPPYLDNEKSNGTIIHVEGKHLCPSYLFPGPSKPFWVLVVVGGVLACCSLLVTVAFIIFWVRSKSSRLLHSDYMNKTPRRPGPTRKHYQPYAPPLDFAAYRSRVKFSRSADAPAYQQGQNQLYNELNLGRREEYDVLDKRRGRYPEMGGKPQRRKNPQEGLYNELQKDKMAEAYSEIGMKGERRRGKGHDGLYQGLSTATKDTYDALHMQALPPR
CAR_mutant_71,EVMYPPCYLDNEKSNGTIIHVKGKHLCPSKLFPGPSKPFWVLVVNGGVLNCYSLLVTVAFIIFWVRSKRSSLLHSDYMNMTPRRPGPTRKHYQCYAPPRDFAAYRSRVNFSGSADAPYYQQGQNILYNELNLGRREELDVLDKRRGRYPEMGGKPQRRKNPHEGLYNELQKDKMAEAYSFIGMKGERRRGKGHDGLYQGLSTATKDTYDALHMQALPPR
CAR_mutant_72,EVMYPMPYLDNEKSNGTIIHVKGKHYYPSHLFPGPSKPFWVTVVVGGVLAWYSDLVTVAFIGFWVRSKRSRLLHSDYMNMTPRRPGPTRKHYMPYAPPRDFAAYRSRVKFSRSADAPAYQQGQNQLYNELNLGRREEYDVLDKERGRDPEMGGKPQRRKNPQEGLYNELQKDKMAEAYSEIGDKGERRRGKGHDGLYQGLSTATIDTYDALHMQALPPR
CAR_mutant_73,EVMQPPPYLDNEKSKGTIINVKGKHLCPSPLFPGPSKPFWVLVVVGGVLACYSLLVTVAFIIFWVRSKRSRLLHSDYMNMTPRRPGPTRKHYQPYAPPRDFAAYRSRVKFSRPADAPAYQQGQNQLYNELNLGRREEYDVLWKMRGRDPEMGGKPQRVKTPQEGLYNELQKDKMAEAYSEIGMKGERRRGKGHDGLYQPLSTATVDTYDDLHMQALPPR
CAR_mutant_74,EVMYPPPRLDNEKSNGTIIHVKMKHLCPSPLWPGPSKTRWVLVVVGGVLACYWLLVTVAFIIFWVRSPRSQLLHSDYMHMTPRRPDPTRKHYQPYAPPRDFAAYRSRVKFSRSADAPAYQQGQNQLYNELNLGRREEYDVLDKRRGRDPEMGGKPQRRKNPQEGLYNELQKDKMAEAYSEIGMKGERRRGKGHDGLYQMLSTATKDTYDALHMQALPPR
CAR_mutant_75,EVMYPPPYLDNEKSNGTIIHVKGKHLCPSPLFIGPSKPFWVLVVVGGVLACYSLLVTVAFIIFWVRSGRSRLLHSDYMNMTPRRPGPTRKHYQPYAPPRDFAAYRSRVKFSRSADAPAYQQGQNQGYNELNLGRREEYCVLDKQRGRDPEMGGKPKRRKNPQEELYNMLQKDKMAFAESEIGMKGERRRGKGHDGLYQGLSTATKDTYDALHMQALPPR
CAR_mutant_76,EVMYPPEYLWNEKSNGTIILVKGKHLCPSPLFPGPSKPFWVLVVVGDVLACYSLLVTVAFISFWVRSKRAPLLHSDYMNTTPRRHGPTRKHYQPYAPPGDFAAYRSRVKFSRSADAPAYDQGQNQLYNELNLGRREEYDVLDKRRGRDPEMGGKPQRRKDPQEGLYNELQKDKMREAYSEIVMKGERRRGKGHDGLYQGLSTATKDTYDALHMQALPPR
CAR_mutant_77,EVMAPPMYLDKEKSNGTIIHVKGKHLCPFPLFPGPSKPFWVLVTVGWVLACYSLLVTVTFIIFWVRSKRSRLLHSDYMNMTPRRPEPTRCHYQPYMPPRDFAAYRSRVKFSRVADAPCYQQGQNQLYNELNLGRREEYDVLDDRRGRDPEMFGKPQRRKNPQEHLYNELQKDKMAEAYSEIGMMGERRRGKGHDGGYQGMNTATKDTYDALHMQALPPR
CAR_mutant_78,EVMYPRPYLDNEKSPGTIIHVKGKHLAASPLFPGPSKPFWVTVVVGGALACYLLEVTVAFIIFWVRSKRSRLWHVDYMNMTPRRPGPTRKHYQPYAPPRDFAAYRSRVKFARSADVPAYQQGQNQLYNELNLGRREEYDVLDKRRGRDPEMGGEPQRRPAPQEGLYNDLQKDKMAEAYSEIGMKGERRRGKGHDGLYQGLSTATKQTYDALHMQALPPR
CAR_mutant_79,EVMYPPDYLDNEKSGGTIIHVKGKHLCPSPLFPGPSKPFPVLVVVGGVLACYSLHVTVAFIIFWVRSKRSRLLHSDYMNMTPRSPGPTRKFYYPYAPPTDFAAYRSCVKFSRSADAPAYQQGDNQLYNELNLGRREEYDVLDKRRGRDPEMGGKPQRRKNPQEGLYYYLQKDKMAEAYSEIGMKGERRRGKGHDGLYQGLSTATKDTYDALHMQALPPP
CAR_mutant_80,EVMYPPPYLDNEKSNGTIIHVKGKHLCPSPLFPGNSKPFWVLVVVGGVLACYSLLVTVAFIIFWVPSKLSRLLHSDYMNMTPRRPGPTRKHYQPYAPPRDFAAYRSRVKFSRSADAPAYQQGQNQLYNELNLGRREEYDVLDKRRGRDPEMGKKPQRRKNPQEGLYNELQKDKMAEAYSEIGMQGERRRGKGHDGLYQGLSTATKDTYDALHMQALPPR
CAR_mutant_81,EVMYPPPYLDNEKSSVTIIHVKGSHLFPSPLFPGPSKPFWVLVVVGGVLACYSLLVTVAFIIQSVRSKRSRWLHSDYMNMTARRPGPTRKHYQPYAPPRDFAAYRSTVMFSRSADAPAYLQGQNQLYNELNLNRREEYDVLDKRRGRDPEIGGKPQRRKNPPEGLYNELQKDKMAEAYSEEGMKGERRRGWGHDGLNQGLSTAKKDTYDALHMQALPPR
CAR_mutant_82,EVMYPPPYLDNYKSRGTIIHVKGKHLCPSPLFPGPSKPFWVFVVVGGVLACYSLLVTVAFLIAWVRSKRSRLLHSDYMNMTPRRPGPTRKRYQPYAPPRDFAAYRSRVKFSRSADAPAYQFQQNQLYNELNRGRREEYDVLDKRRGWDPEMYGKPQRRKNPQEGPYNELQKDKMAEVYSEIGMKGERRDGKGHDGLAQGLSTATKDQYDALHMQALPPR
CAR_mutant_83,EVMYPPPYLDREKSNGTIIHVKGKHECPSNLFPGPSKPFWVPVVVGGVLACTSLLVTVAFIIKWAREDRSRLLHSDYMNMTPRRPGPTRKHYQPYAPPRDFAAYRSRVKFSRSADADAYQQGQNQLYNELNLGRREEYDVLDKRRGRDPEMGGKPQRRKNPQEGLYNELQKDKMASAYSEIKMKGESRRGKGHDGLYQGLSTATKDTYDALHMQALPPR
CAR_mutant_84,EVMYPWPYCDNEKSNGTIIHDKGKHLCPDPLFPGPSKPFWVLVNVGGVLACYSLLVTVAFIIFWVRSKRSRLLHSDYMNSTPRRDGPTRKHYLPYAPHRDFAAYRSRVKFSRSADAPAYQQGQNQLYNELNLGRREEYDVLDKRRGRDLEMGGKPQRRKNPQEGLYNELQKDKMAEAYSEIGMKGERRRGKGHDGLYRGLKTATKDTYDALHMQAIPPR
CAR_mutant_85,EVMYPPPALDNEKSNGTIIHVKGKHLCPSPLFPGPSKPFWVLHVVGGVLACYSLLVTVAFIIFWVRSKRSRLLHSDYMNMTPRRPGPTCKHYQPEAPPRDFAAYRSRVKFSRSADAPAYQLIQNNLYNELNFGRREEYDVLDKRRGRDPEMGGKPSRRKNPQEGLYNELQKLKMAEAYSEIGMKGEIRRGKGHDGLYQALSTATKRTYDALHMQALPPR
CAR_mutant_86,EVMYPPPYLDNEKSNGTIIHVKGKHLCPSPLFPGPSKPFWELVVVGGVLACQSELVFVAFIIFWVQSIRSRLLHSCLSNMTPRRPGPTRKHYQPYAPPRDFAAYRSRVKFSRSADAPAYQQGQNQLYNELNLGRREEYDVLDKRRGRDPEMGGKPQRRKNPQEGLLNELQKDKMAEAYSEIGMKGERRRGKGHDGLYQGLSTATKDTYDALHMQALPPR
CAR_mutant_87,EVMYPPPYLDNEKSNGTIIHVKGKHLCPSPLFPGPSKPFWDLVVVGGVLACYSLLVTVAFIIFWVRSKRSRLLHSDYMNMTPRRHGPTRKHYQPYAPPRDFAAYRSRKRFSRSADAPAYTGGQNQLYNENNLGFREEYDVLDKRRGRDPEMGGKPQRRKHPQEGLYNELQKDKMAEAYSEIGMKYERRRGKGHDGLYQGLSTAKKDTYDALHMQALPIR
CAR_mutant_88,EVYYPPPYSDNEKSNGTIIHVKGKHLCPSPLFPGPSKPFWVLVVVGGVMACYSLLVTVAFIIFWVVCKRSRLLHSDYMNMTPRRPGPTRKHYQPYAPPRDFAAYRSRVKFSRSADAPAYQQGQNMLANELNHGRREEYDVLAKRRYRDPEMGGKPCRRKNPQEGLYNELQKDKMAEAYSEIGMKGERRRGKNHDGLYIGLSTATKDTYDALHMQALPPR
CAR_mutant_89,EVMYPPPYLDNEKSFGTIIHVKGKHLCPSPLFPGPSKPFWVLVVVGGVLACYSLLVTVAIIIFWVRSKRSRLLHSDYMKMTPRRPCPTRKEYQLYAPSRDKAAYRSRVKFSRSADAPAYQQGQNQLYNELNLGRREEYDVLDKRRGRDPEMGGKPQRRKNPQEGLYRELMKDKMAEAYSEIGMKGERRRGKGHDGLYQGLSTATKDTYDALHMQALPPL
CAR_mutant_90,EVMYPPPYLDCEKSNGTIIHVKGKHLCPSALFPGPSKPEWVLVVVGGVCACYSLLVTVAFIIFWVRSKRSRLLHSDYMNMTPRRPGPTRKHYQPYAPPRDFAAYRSRVKFSRSADAPAYQQGQNQMYNELNLGRREEYDVLDKRRGRDPEMGGKPQRRKNPQEGLYNEHQKDKMGEAYGEIGMKGERRRGKGHDGLYQGLSTATKDTYDALHMQALPPR
CAR_mutant_91,EVMYPPPYLDNEKSNGTRIHVKGKHLCPSPLFPGPSKPFWVLVVVGGVLACYSLLVTVAFIIFWVRSKRSRLLHSDYMNRTPRRPGPTRKHYQPYAPPRDFAAYRSRVKFSRSADWPAYQQGQNQLYNELNLGRREEYDVLDKRRGRDPEMGGKPQRYKNPQEGLYNELQKDKMASAYSEIGMKGEKRRGKGWDGLYQGLSTATKDTYDALHMQALPMR
CAR_mutant_92,QVMYPPPYLDNEKSNGTIIHVKGKHLCPSPLFPGPSKPFWVLVVTGGVLACYILLVTVAFGIFWVRSKRSRLLHSDYMNGTPRRPGPTHKIYQPYAPPRDFAAYRSRVKFSRSADAPAYQQGQNQFYNHLNLGRREEYDVLDKRRGRDPEMIGKPRRRKNPQEGCYEELQKDKMAEAYSETGMKGERRRGKGHDGLNQGRSTATKDTYDALHMQALPPR
CAR_mutant_93,EVMYPPPYLDNEKSNGTIIHVKGKHLCPSPLFPGPSKPCWVLVVVGGVLACYSFLVTVGFIIFWVRSKRSRLLHSDYMNMTPRRYGPTRKHYQPYAPPRDFAAYRSRVKFSRSADAPAYQQGINQLYNELNLGRREQYDVDDKRRGRDPEMGGKPQRHYNPQEGLYNELQKDKRAEAYSEIGMKGERRRGKGHHGLYQGLSTAWKDTYDALHHQALPPR
CAR_mutant_94,EVMYPPPYLDNEKSNGTIIHVKGKHLCPSPLFPGYYKPFWVLVVVGGVLACYSLLVTIAFIIFWVRSKRSRLLHSDYMNMTPRRPGPTRKHYQPYAPPRDFAAYRSRVKFSRSADAPAYQQGQNQLYNEHNLGRREESDVLDKRRGRDPEMGGKPQRRKNPQEGLYNELQKDSMAEAYSEIGMNGERRRGKGHDGLYQGLSTATKDTYDKLHMQALPPR
CAR_mutant_95,EVMYPPPYLDNEKSNGTIIHVKGKHLCPSPLFHGPSKPFKVITVVGGVLACYSLLVTVAFIDFWVRSKRSRLQHSWYMNVTPRRPGPTRKHYQPYAPPRDFAAYRSRVKFLRSADFPAYQQGQNQLYNELNLGRREEYDYLDKRRSRDPEMGGGPQRRKNPQEGLYNELQKDKMAEAYSEIGMKCERRRFKGHDGLYQGLSMATKDTYDALSMQALPPR
CAR_mutant_96,EVMYPPPYLDNEKSNGTIIHVKGKHLCPSPDFPGESKPFWVLVVVGGVLACCSLLVTVAFWIFWVCSKRSRLLHSDGMNMTPRRPGPTRKHYQPYDPPRDFWEYRSRVKFSRSADAMAYQQGQNQLYNELDLGRREEYDVLDKRRGRDPEMGGKPQRRKNPQEGLYNELQKDKMAEAYSENGMKGERRRGKGMDGLYQGLSTATKDTYDALHMKALPPR
CAR_mutant_97,EVMYRPPYLDNEKSNGTIIHVKFKHLCPSPLFPGPSKPFWVLVVVGGVLACRSLLVTVAFIIFWVRSKRSRLLHSDYMNMTPRRPGPTRKHYQPYAPPRDFAAYRSRVKFSGSADAPAYQQGQNQLYNELNLGRREEYDGLDLRRGRDPDMGGKPQRRKNPQESLYNELQKDKMAEAYSEIGRKGERRRGKGHDGLYQGLSTATKDTYDALHMQALPPR
CAR_mutant_98,EVMYPPYYLDNEKSNGTIIHVKGKHLCPSPLFPGPSKPFWVLSVVGAVRECYSLLVTVAFIIFWVRSKRSALLHSDYQNMTDKRPGPTRKHYQPYAPPRDFAAYRYRVKFSRSADALAYQQGQNQLYNELNLGREEEYDVLDKRRGRDPEMGGKPQRRKNPQEGLYNELQKDKMAEAYSEIGMKGERRRGKGHDGLYQGLSTATKDTYDALHMQALPPR
CAR_mutant_99,CVMYPPPYLDNEKSNGTIIHVKGKHLCPSPLFPGPSKPFWLLVVVGGVLACYSLLVTVAFIIFWVRSKRSRLLHSDYMNMTPRRPGPTRKHYQPYAPPMDFAAYRDRVKQSRSADAPARQQGQNQLYNERNLGRREEYDVLDKRRGRCPEMGGKPQRRKNPQEGLMNELKKWKMAEAYSEIGVKGERRRGKWHDGLYQGLSTATKDTYDALHMQALPPR
CAR_mutant_100,DVMYPPPYLDNEKSNGTIIHVKGKHLCPSPLFPGPSKPFWILVVVGGVLACYSLLVTVAFIIFCVRSKRSRLLHSDYMNMTPRRPGHTRKDYQPYAPPRDFAAYFSFVKFSRSADAPAYQQGQNQLDNEKNLGRREEYDVLDKRRGRDPEMGGKGQRRKNPQEGLYNELQKDKMAYAYLEIGMKGECRRGKGHDGNYQGLSTATKDTYDALHMQTYPPR
CAR_mutant_101,EVYYPPPYLDNEKSNGTIIHVKGKHLCPSPLFPGPSKPFWVKVVVGGVLACYRGLVTVAFIIFWVRSKRSRLLHSDYMNMTPRRPGPTRKHYQPYAPPRDFAAYRSRVKFSRSADAPAYQQGQNQLYNELNLGRREEYDVLDKRRGRDPEMGGKPQRRKNPQEGLYNELQKDKMAEAYSEIGMKGERRRGKGHDGLYQGLSTATKDTYDALHMQAHPPR
CAR_mutant_102,EVNYPPPHLWNEKSNGTIIHVKGKHLCPSPLGPGPSKPFWILVVVGGVLACYSLLVTVAFIIFWVRSKRSRLLHSDYMNMTPRRPGPCRKHYQPYAPPRDFAAYRSRVKFSRFADAPAYQQGQNQLYNELNLGRREEYDVLDKRRGRCPEMGGKPQRRKNPQEGLYNELQKDKMAEAYSEIGMKGLRPRGKGHDGLYQGLSTATKDTYDALHMQALPPR
CAR_mutant_103,EVMYPPPYLDNEFSNGTIIHVKGKHQCPSPLCPGPSKPFWVLVHVGGVLVCYYLLVSVAFIIFWVRSKRSRLLHSDYMNMTPRRPGPTLKHYQPYAPPRDCAAYRSRAKFIRSAGAPAYQQGQNQLYNELNNGRREEYDVLVKRRGRDPEMGGKPQRRKNPQRGLYNELQKDKMAEAYSWIGMKGERRRGKGHDGLYQGLSTRTVDTYDALHMQALPPP
CAR_mutant_104,EVMYPPPYLDNEKSNGTIIHVKGKHLCPSPLFPGPSKPFWVLVVVGGVLACYSEEVTVAFIIFWVRSKRSRLLHSDYMNMTPRRPGPTRKHPQPYAPPRDFAAYRSRVKFSRSADAPAYQQGQNQLYPELNLGLREEYDVLDKRRGRDPEMGGKPQRRKNPQEGLYNELQKDKMAEAYSCIGMKGERRRGKGHDGLYQGLSTATKDTYDALGMQAHHPR
CAR_mutant_105,EVMYPPPYLDFEKSAGTIIPVKGKHLCPSPHFPGPSKPFWVLVVVSGVLACYSLLVTVAFEIFWVRSKRSRLLHSDYMNMTPRDPGPTRKHYQPYQPPRGFAAYRSNVKFTRSADAPAYQQGQNQLYNELNLGRREEYDVLDKRRGRDPEMGGKVQRRENPQEGLHMELQKDKDAEAYSEIGMKGERRRGRGHDGLYIGLSTATKDTYDALHMQALPPR
CAR_mutant_106,EVMYPPPYLDNEKSNGTIIHVKGKHLCPSPLFPGPSKPFWVLVVVGGVLACYSLLVTVAFIIFWVRSKRSRLLHSDYMNMTPRRPGSTRKHYQPYAPPRDFAAYRSRVKFSRSADAPAYQQGQNQLYNELNLGRRERYDVLDKRRGRDPEMGGKPQRRTNPQEGLQNELQKDKMAEAYSEIGMKGERRRGKGHDGLYQGLSTATKDTYDYLHMQALPPR
CAR_mutant_107,EVMYPPPYLDNEKSNGTIIHVKGKHLCRSPLFPGPSKPFWVLVVVGGVLACYSLLVTVAFIIFWVRSKRSRLLHSDYMNMTPRRPGPTRKHYQPYAPPRDFAAYRSRVKFSRSADAPLYQQVQNQLYNELNLGRRFEYDVRDKRRGRDPEMGGKPQRRKNPQEGLYNELQKDKMAEAYSAIIMKGERRRGKGHDLLYQGQSTATKDTYDALHMQALPPR
CAR_mutant_108,YVMYPPPYLDNEKSNGWIIRVKGKHLCPSPLFPGPSKPFDVLVVVGIVLACYSLLVTVAFIKFWVRSKRSRLLHSDYMNMAPRRPGPTRKHYQPYAPWRDFAAYRSRVKFSRSADAPAYQQGQNQLYNELNLGRREEYDVLDKRRGRDPEMGGKPQRRKNPQEGLYNELQKDNMAEAYSEIGMKGERRRGKGHDGLYQGLSTATKDTYDALHMQALPPR
CAR_mutant_109,EVMYPPPYLDNEKSNGTIIHVKGKHLCPSPLFPGPSKPFWVLVVVGGVLACYSLLVAVALIIMWVRSKRSRLLHSDYMNMTPRRPGPTRKHYQPYAPPRDFAAYRSRVKFSRSADAPAYQQGQNQLYNELNLGRTEEYDVLDKRRGRDPEMGGKPQRRKNPQEGLYNELQKDKKAEAYSEIGMKGERRRGKGHDWLYQGLSTATKDTYDALHMQALPPH
CAR_mutant_110,EVMYPPPYLDNEKSNGTIIHVKGKHLCPSPLFPGPSKPFWVLVVVGGVLACYSLLVTVAFISFWVRSKRSRLLHSDYMNMTPRRPGPTRLHYQPYAPPRDFAAYYSRVKFSRSADAPAWQQYQNQLYNELNLGRREEYDVLKKRRGRDPEMGGKPQRRKNPQEGLWNELQKDKMAEAYSEIGMKGERRRGKGHDGLYQGLSTATKDTYDALHMQALPPR
CAR_mutant_111,EVMYPPPYLDNEKSNGTIIHVKGKHLCPSPLFPGPSKPFWVLVVVGVVLACYSLLVTVHFIIFWVRSKRSRLLHSDYMNMTPRRPGPTRKHYQPYAPPRDFHAYRSRVKFSRSADAPAYQQGQNQLYNELNLGRREEYDVLDKRRGRDPEMGGKPQRRKNPQEGLYNELQKTKMAEAYWEIGMKGERRAFKGHDGLYQGLNTATKDTYDALHMSALPPR
CAR_mutant_112,EVMYPPPYLDNEKSNETEIHVKGKHLLPSPLFPGPSKPFWVLVVAGGVLACYSLLVTVAFIIFWVRSKRSRLLHSDYTNMTPRRPGPTRKRYQPIFPPTDFAAYRSRVKFSRSADAPAYQQGQNQLYNELNLGRREEYDVLDKRRGRDPAMGGKPQRRKNPQEGGYNELQKDKMAEAYSEIGMKGERRRGKGHDGLYQGLSTATKDTYDALHMQALPPR
CAR_mutant_113,EVMYPPPYLDNEASNGQIIHVKGKHLCPSPLFPGPSKPEWVLVVVGGILACNSLLVYVAFIIFWVRSKRSRLLHSDYMNMTPRRPGPTRKHYQPYAPPRDFAAYRSRVKFSRSADAPAYQQGQNQLYNELNLARREEYDDLVKRRGIDPQMEGKPQRRKNPQEGLYNELQKDKMAEAYSEIGMKGERRRGKGHDGLCQELSTATKDTYDALHMQALQPR
CAR_mutant_114,EVMYPPPYNDNEKSNGTIIHVKGKHLCPSPLFPGPSKPFWVLVVVSGVLACYSLLVTVAFIIFWVRSKRSRLLHSDYMVMTPRRPGCTRKHYQPYAPPRDFAAYRSRVKFSRSADAPAYQMGQNQLYNELNLFRREEYDVLDKRRGRDPEMGGKPQRCKNPQEGLYNELQGDRMAEAYSEIGMKGERRRAKGHDGLYQGLSEATKDTYDALHMQALPPR
CAR_mutant_115,EVMYPPPYLDNEKSNGTIIHVKGKHVCPSPLFPGPSKPFWVLQVVGGVLACYSLLVTVAFIIFWVRSKRSRLLHSDYMNMTPRRPGPTRKHYQPYANPRDFAAYRSRVKFSRSADAPAYQQGQNQLYNELNLGLREEYDVLDKRRGRDPEMGGKPQRRKNPQEGLYNELQKDKMALAYSEIGMNGERRRGKGHDGLYQGLSTATKDTYDALHMQALPPR
CAR_mutant_116,EVMYPPPYLDNEKSNGTIIHVKGKHLCPSPLFPGPSKPFWVQVAVGFVLACYSLLVTVALIIFWVRSKRSRLLHSDYMNMTPRRPGPTRKHLQPYGPGRDFAAYRKRVKFSRSADAPAYQQGQNCLYNELNLGRREEYDVLDKRRGRDPEMGGKPQRRKNPQEGLYNELQKDKMAEAYSEIGMKGERRRGKGHDGPYQGLSTATKDTYDALHMQALPPR
CAR_mutant_117,EVMYPPPYTDNEKSNGTIIHVKGKHDCPSPLFPGPSKFFWVLVVVGGVLACRSLLVTVAFIIFWVRSKRSRLLHSDYMNMTPRRPGPTRKHYQPYAEERDFAAYRSRVMFSRSADAPAYQQGQNQLYNELNLGRREEYNVLDKFRGRDPEMGGKPQRRKNTQEGLYNELQKDKMAEAYSEIGMKGERRRGKGHDGLYQGLSTATKDTYDALHMQALWPR
CAR_mutant_118,AVMYPPPYLDNEKSNGTIIHVKGKHLSPSPLFPGPSKPFWVLVVVGGVLACYSLLVTVAFIIFWVRSKRSRLLHSDYMNMTPRRPGPTRKHYQPYAPPRDFAAYRSRVIFSKSADAPAYQQGQNQLYSELNLGRREEYDVLSKRRGRDPEMAGKPQRRKNPQEGLYNELQKDKMAEDYSEIGMKGERRRGKGHTGLYQGLSKATKDTADALHMQALDPR
CAR_mutant_119,EVMYPPPHLDNEKSNGTIIHVKGKHLCPSPDFPGPSKPFWVLVVVGGVLACYSLLVNVAFIIFWVRSKRSRLLHSDYMNKTPRAPGPTRKHYQPYAPARDFAAYRSRVKFSRSGDAPCYQQGQNQLYNELNLTRREEYDVLDKRRGRDPEMGGKPQRRKNPQEGLYNELQKDKMAEAYSEIGPKGEVRRGNGHDGPYQGLSTCTKDTYDALHMQCLPPR
CAR_mutant_120,EVMYPPPYLDNEKSNGTIIHYKGKHLCPSPLFPGPKKPFVVLVVVGGVLACYSLLVTVAFIIFWVRSKRSRLLHSDYMNMTPVRPGPTRKHYQPYAPPRKFAAYRSRVFFSRSADAPAYQQGQNQLYNELDLGRREEYDVLDKRRGRDPEMGGKPQRRKNQQEGLYNELQKDKMAEAYSEIGMKGERRRGKGHDELYQGLSTATKDTYDALHMQALPPR
CAR_mutant_121,EVMYPPPYLDNEKSNGTIIHVKGKHLCPSPLFPGPSKPFWVLVVWGGVLACYSLLVTVAFIIFWVRSQRSRLLHSDYMVMTPRRPGPTRKHYQPYAPPRDFAAYRSRVKFSRSADSPTYQQGQNQLYNELNWGRREEYDVLDKIRGRDPEMGGKPQRRKNPQEGLYNELQKDKMAEAYSEIGMKGERRRGKGHDGLYQGLSTATKDWYDALHMQALPPR
CAR_mutant_122,EVMYPPPYLYNEKSNGTIIHVKGKHLCPSSLFPGPSKPFWVLVVVGGVLACYSLLSTVAFIIFWPRSKRSVLLHSDYGGMFPRSPGPTRKHYQPYAPPEDFAAYRSFVKFSWSAKAPAYQQGQNQLYNELNLGRREEYDVLDKRRGRDPEMGGKPLRGKNPQEGLYNELQKDKMAEWYSEYGMKGERRRGKGHDGLYQGLSTATVDTYDALHMQAKPQR
CAR_mutant_123,EVMYPPPYLDVEKSNGTIVHVKGKHLCPSPLAPGPSKPFWVLVVVGGLVACYSLLVTVAFIIFWIRSKRSRLLHSDYMNSTPRRPGPTRKHYQPYAPPLDYAAYRSRVKFSRSADAPAYYQGQNQLYNELNLGRREEYDVLDKRRGRKPEMGGKPQRRKNPNEGLYNELQKDCMAEAYSEIGMKGERRRGKGHDGLEQGLETATKDTYDALHMQALPPR
CAR_mutant_124,EVMYPPPYLDNEKSNGTIIHVKCKHLAMSPKSPGPSKPFWVWVVVGNVLACYSLLWHVAFIIFWVRSKRSRLLHSDYMNMTPRRPGPTRKHYQPYAPPRDFAAYNSRVKFSRSADAPAYQQGQNQLYNELNLGRREEADVLDKRRGRDPEMGGKPQRRKNPQEGLYNELQKDKMAEAYSEIGMKGERRRGKGHDGLYQGDSTATKDTYDALMMQALPPR
CAR_mutant_125,EVMYPHPYLDNEKSNYTIIHVKGKGLCPSPLFPGGRKPFWWLVVVWGVLACYSLLVTVAFIIFWVRSKRSRLLHSDYMNMTPRRPGPIRKHYQPYAPPRDFAAYRSRVKFSRSADAPAYQQGQNQMYNELNLGRREGCDVTDKRRGRDPEMGGKPQRRKKPQEGLYNELQKDKMAEAYSEIGMKGERRSGKGHDGLYQGLSTATKDYYDALHMQALPPR
CAR_mutant_126,EVMYPPPYLDNEKSNGTIIHVKGKHLCPSPLFPGPSKPFWVLVVVGGVMACYSLLVTVAFIIFWVRSKRSRLLHSDYMNMTPRRPGPTRKHYQPYAPPRDFAAYRSRVKFSRSADAPAYQQGQNQLYNELNLSYREAYDVLDKRRGRDPEVGGKPQRRKNPQEGLYRELQKDKMAEAYSEIGMKGERRRGKMKDGLYQGLSTATKTTYDALHMQALPMR
CAR_mutant_127,EVMYPPPYSDNEKSNGTIIHVKGKFLCPSPLFPGPSKPVWPLVVVGGVLACYSLLVTVAFIIFWVRSKRSRLLHYDYMNMTPRRPGPDRKHYQPYAPPRDFAAYISRVKFSRSADAPAYQQGQNQLMNELNLGRREEYDVLDKRRGRDPEMGGKPQRVKNPQEGLYNELQKDKMAEAYSEIGMKGERRRGKGHDGLYQGLSTATKDTYDALHMQALPPR
CAR_mutant_128,EVMYPPPYLDNEKSNGTIIHVKGKHLCPSPLFPGPSKPFWVLVVVGGVLACYSLLVTVAFIIFWVRKKRSRLLHSDYMNMTPRRPGPFRKHYQPYAPPRQFAAYRSRVKFSRSADAPMYQHGQNQLYNELNEGRREELDVLDKRRGRDPEMGGKPQFRKCPQEGLYNELQKDKMAEAYSEIGMKGERRRGKGHDGLYQGLSTADKDKYDKLHAQALPPR
CAR_mutant_129,EVMYPPPYLDNEKSNGTIIHVKGKHLCPSPLFPGPSKPFWVLVVVGGVIACYSLLVTVAFIIFRVRSKRSRLLFSDCMNMTPRRPGPTRKHYQPYAPPRDFAAYRSRVKFSRSAKAPMYQQGQNQLYNELNLARREEYDVLDKRRGRDPEMGGKPQRRKNPQEGLYNELQKPKMAEAYSEIGMKGERRRGKGHDGLYQGLLTATKDTYDALHQEALPPR
CAR_mutant_130,EVMYVPPYSDNEKSNGTIIHVIGKHLCRSPLFPGPSKPFWVLVVVGGILAAISLLVTVAFIIFWVRSKRSRLLHSDYMNMTPRRPGPTRKHYQPYAPPRDFAAYRSRVKFKRSADAPAYQQGQNQLWNELNLGRREEYDVLDKRRGRDPEMGGKPTRRKNPQEGLYNELQKDKMAEAYSEIGMKGERRRGKGHDGLYQGLSTATKDTYDALHMQQPPPR
CAR_mutant_131,EVMYPPPYLDNEKSNGTIIHVKGKHLCPSPLFPGPSKRFWVRVVVGGVLACYSLLVTVAFIIFWVRSKRSRLAHSDQMNMTPRRPGETRKHYQPYAPPRDFAAYRSRVKFCRSADAPAYQQGQKQLYNVLNLGSREEYDVLDKRRQRDPEMGGKPQRRKNPQEGLYNELQKDKMAEAYSEIGMKIERRRGKGHDGLYQGLSTATKDTYDALAMQALPPR
CAR_mutant_132,EDMYPPPYLDNEKSNGTIIHVKGKHLCPSPLFPGPSKPFWVLVVVGGVLACYSLLVTVAFIIFWVRSKRSRLLHSDYMNMTPRRPGPTRKHYQPYAPPRDFAAYRSRVKFSRSADAPAYQQGQMQLYNELNLGRREEYDVLDKRRGRDPEMGGKPQRRKSPQEGLYNELQKDKMAEAYSEIGMKGERRSGKGHNGLYQGLSTATKDTYDALHMQALPPR
CAR_mutant_133,EVIYPYPYLDNEKSNGTIIHVKGKHLCPSPLFPSPSKPFWVLVCVGGVLACYSLLVRVAFIIFWVRSKRSRLLHSDYMNMTPRRPGPTRKHYQPYAPPRDFAAYRSRVKFSRSADAPAYQEGQNQLYNELNTGRREEYDVLDKRRGRDPEMGGKPQRRANPQNGLYNELQKDKMAEAVSEIGMKGERRRGKGHDGLYQYLSTATKDTYDALHMQELPPR
CAR_mutant_134,EVMYPPPYLDNEKSNGTIIHVKGKSNCPSPLFPGPSKPFWVLVVVGGVLAWYSLLVTVAFIIFWKRSKRSRLLHSFYMNMTPRRPGPTRKHYQPYAPPRDFAAYRSRVKFSRSADASAYQQGQNQLYNELNLGRREEYDVLDKRRGRDPEMGGKPQRRKNPQEGLYNELQKDKMAEAYSEIGMKGERRRGKGHDGLYQGLSTATKDTYDALHMQALPPR
CAR_mutant_135,EVMYPPPYLDNEKSNGTIIVVKGKHCCPSPLFPGPSKPFWVLKVVGGVLACYSLLVTVYFIGFWVRSKRSRLLHSDYMNMTPRRPGPTRKHPQGYAPPRDFAAYRSRVKFSRSADSPAYQQGQNQLYNELNLGRREEYDVLDKRRQRDPEMGGHPQRRKNPQEGLYNELQKDKMAEAYSEIGMKGERRRGKRHDGLYQGLSTATKDTYDALHMQALPPS
CAR_mutant_136,EVMYPPPYPDNEKSIGMIIHVKGKHLCPSPLFPGPSKPFWVLVVVGGVLACYSLLVTVAFIYFWVRSKRSRLLHSDYMNMTPRRPGPTRKHYVPYAPPRDFAAYRMRVKFSRSADAPAYQQRQNQLYNELNLGRREEYDVLDKRRGRDPEMGGKPQRRKNPQEGLYNELQKDKMAEAYSEIGMKGERRRGKGHDGLYQGLSTATKDTYDALHMQALPPR
CAR_mutant_137,EVMYPPPYLDNEKSNGTMIHVKGKHLCPSPLFGGPSKPFWVLVVVGPVLACYSLLVTVAFIIFWVRSKRSRLLHSDYMNMTERRPGPTRKHYQPYAPPRDFAAYRSRVKFSRSADAPAYVQGQNQLYNELNLGRREEYDVLDKRRGRDPEMGGKPQRRKNPQEGLYNELQKDAMAEAYSEIGMKGERRRGKGHDGLYQGLSTATKDTYDALHMQALPHR
CAR_mutant_138,EDNYPPPYLDNYKSNGTIIHVKGKHLCPSPLFPGPSKPFWVLVVVGGVMACYSLLVTVAFIIFWVRSKRSQLLHSDYMNMTPRRPGPTGKHYQPYAPPRDFAYYRSRVKFSRSADAPASQQGQNQLYNELNLGRREEYKVLDKRRGRDPTMGGKPQRRKNLQEGLYNELQKDKMAEAYSEIGMKGERRRGKGHDGLYQGLSTATKDTYDALHMQALPPR
CAR_mutant_139,EVMYPPPYLDNEKQNGTIIHVMGKHLCPSPLFPGPSKPFWMLVVVGGVLAPYSLLVSVAFIIFWVRQKRSRLLHADYMNITPRRPGPTRKHYQPYADPRDFQAYRSRWKFSRSADAVAYQQGQNQLYNELNLGRREEYDVLDKRRGRDPEMGGKPQRRPNPQEGLYNELQKDKMAEANSEDGMGGERRRGKGHDELYQGLGTATKDTYDALHMHALRPR
CAR_mutant_140,EVMYPPPYLDNEKSNGTIIHVKGKNLCPSPSFPGPSKPFWSLVVVGGVLACRSLLVTVAFIIFWVRSKESRLLHSDYHNMTPRFPGPTRRHYQIYAPPRDFAAYRSRVKFSRSADAPAYQQGQNQLYNELNLGRREEGDVLDKRRGRDPEMGGKPQRRKNPQEGLYNELQKDKMAEAYSEIGMWGERRRGKGHDGLPQGLSTATKDTYDALHMQALPPR
CAR_mutant_141,EVMYYPPYLDNEKSNGTIITVKGKHLCPSPLFWFPSKPFWVLVVVGGVLACYSLLVTVAFIIFWVRSKRSRLLHSDYMNMTPRRPGPTRKHYQPYAKPRDFAAYRSRVKFSRSADAPAYQQGQMQLYNEMNLGRGEEYDVLAFRRGRDPEMGGKPQRRKNPQEGLYNELQKDKMAEAYSEIGMKGERRRGKGHDGLYQGLSTATKDTYDAIHMQALPPR
CAR_mutant_142,EVMYPPPYLDNEWSNGTIIHVKGQHLCPSTLVPHPSKPFWHLVVVGGVLACYSLLVTVAFIIFWVRSKRSRLDHSDYMNMTPRRPGPTEKFYQPYAPPRDFAAGRSRVKFSRSADAPAYQQGQNQLYNELNLGRREDYDVLDKRRGRDPEMGGKPQRRKNPQECLYNELQKDKMAEAYSEIGMKGERRRGKGHDGLYQGLSTATKDTYDALHMQALPPR
CAR_mutant_143,EVMYPPPNLDNEKPNGTIIHVKGIHLCPSPLFQGPSKPFWVLVVVGGVLACYSMLVTVAFTIFWVRSKRSNLLHSDYMNMTPRRPGPTRKHYQPYAPMRDFAAYRSRCKFSRSADAPAYQQGQNQLYNELNLGRREEYDVLDKRRGRDPEMGGKPQRRKNPQEGLYNEYQKDWMAEAYSEIGMKGERRRGKGHDGLYQGLSTATKDTYDALHVQALYPL
CAR_mutant_144,EVMYGPPYLDNEKSNGTIIHVKGKHLCPSPLTAGPSKPFWVLVGVGGVLACYSLLVTVDFIIFWVRSKTSRLLHSDYMNMTPRRPGPTRKHYQPYAPPRDFAAYGSRVKFSRSADAPAYQQGQNQLYNELNLGTREEYNVLDKRRGRDPEMGGKPQRRKNPQEGLYNELMKDKMREKYSHIGMKGERRRGKGHDKLMQGLSTATKDTYDQLHHQALPPR
CAR_mutant_145,EVMYPPPYLDNEKSNGTWIHVKGKHLCPSPLFPGPSKPFWVLIVVGGVLACYSLLVSVAFIIFWVRSARSRLAHSDRMNWTPRRPGPTRKHYQPYAPPRHFAAYRSRVKFSRSADAPAYQQGQNQLYNELNLGRREEYDVLDKRRGRDPEMGGKPQRRKNPQEGLYNELQKDKMAYAYSEIGMKGERRGGKGHDGLYQGLSTATKDTYDALHMQALPPR
CAR_mutant_146,EVMYPPPYLDNEKSNGTIIHVKGKHLCPSPLFPGPSKPFWVLVVVGGVLACPSLLVTVAFIIFWVRSKRSRLLHSDYMNMTPRRPGPTRKHYQPYAPPRDFAAYRSRVYFSRSADAPAYQQGQNQKYNELNLGRREEYDVLSKRRGRDPEMGGKPQRRKNPQEGLYNELQKDKMAEDYSEIGMKGERYRGKGHDGLYQGLSTATKDTYDALHMQALPPH
CAR_mutant_147,EVNYPWPYLDNEKSNGVIIHVKGKTLCHSPLFPGPSKPFWVLVVVGGVLACYSLLVGVKFIIFWVRSKRSRLLHSDYMNMTPRRPGPTRKHYQPYAPPRDFVAYRSRVIYSRSADAPAYQQGQNQLYNELNLKRREEYDCLDKRRGRDPEMGGAPQRRKNPQEGLYNELQKDKMAEAYSAIGMKGERRRGKGHDGLYQKLSTATKDTYDALHMQALPPR
CAR_mutant_148,EVMFPPPYLDNEKSNGTIIHVKGKHLCPSPLFPGPSVPFWVLVVVGGVLACYSLLVTVAFIIFWVRSKRSRLLHSDYMNMTPRRPGPTRKHYQPYAPPRLFAAYRSRVKFSRSADAPAYQQGQNQLYNELNLGRREEYDVLDKRRGRDPEMGGKPQRRKNPQEGLCTELQKDKRAEAYSEIGMKGERRRGKGHDGLYQGLSTATKDPYDALHMEALPVR
CAR_mutant_149,EVMYPPPYLDNEKSNGTIIHVKGKHLCPSPLFPRPSKTFWVFVVVGGVLACYSLLVTVAFIIFWVRSQRSRLLHSDYMNMTMRMPGPTRKHYQPYAPPRDFAAYRSRVKFSRSADAPAYQQGQNQLYNELNLGRREEYDVLDKRRGRDPEMGGKPQRRKNPQESLYNELQKDKMAEAYSEIGMKGERRRGKGHDGLYQGLSTATKDTYDALHMQALPPR
CAR_mutant_150,EGMYPPPYLDNEKSNGTIIHVKGKHLCPSPLFMGPSKPFWVLVVVGGVLACYSLLVRMAFIIFWVRSKRSRLLHSDYMNMTPRRPGPTRKHYQPYAPPVDFAAYRSRVKFSRSHDAPAYQQGQNQLYNELNLRRREEYDVLDKRRGRDPEMGGKPQRRKNPQEGLYNELQPDKMAEAYSEIGMKGERRRGKGHDVLYQGLSTATKDTYDALHMQALPPR
CAR_mutant_151,EVRYPPPYLDNEKSNGTIIHVEGKHLCPSPLFPTPSKPFWVLVVVGGVLACCSLLVTLAFIIFWVRTKRSRELHSDYMNMTPRRPGPRRKHYQPYAPPHDFAAYRSRAKFSRSADAPAYQQGQNQLYNELNLGRREEYDVLDKRRGRDPEMGGKPQRRKNPQYGLYNELLKDKMAEAGSEIGMKGERRRGKGHDDLYQGLSTATKDTYDALHMQALPPR
CAR_mutant_152,EVMYPPPYLDNEKSNGTIIHVKGKHLCPSPLFPGPSKPFWVLVVVGGYLACYSLLVTVFFIIFWVRSKRSRLLHSDYMNMTPRRPGPTRKHYQPYAPPRDFAAYRSRVKFSRSADAPAYQQGQNQLYNELNLGRRLEYDVLDKRRGRDPEMGGKPQRRKNPQEGLYNELQKDKMAEAYSEIMMKGERRRGKGHDGLMQGLSTATKDTYDALHMQALPPR
CAR_mutant_153,EVMYPPPYLDNEKHNGTIIHVKGKDCCPSPLFPGYSKPFWVLVVVGGVLACYSLLYTVAFIIFWVRYKRSRLLHSDYMNMTPRRPGPNRKHYQPYAPPRDFAAIQSRVKFSRSADAPAYQQGQNQLYNELNLGRREEYDVLDKRRGRDPEMGGKPQRRKNNQEGLYNELQKDKMAEAYSEIGMKGERRWGKGHDGLYQGLRTATKLTYDALHMQSLPPR
CAR_mutant_154,KVMYPPPYLDNEKSNGMIIHVKGKHLCPSPLMPGPSKGFWVLVVVGGVVACHSLLVTVAFIIFWVRSKVSRLLHSDYMNMGPRRPGPTRKHYQPYAPPEDFAAYRSRVKFSRSADAPAYQQGQNQLYNELNLGRREEYDVLDKQRGRDPEMPGKPHRRKNPQEGLYNELQKDKMAEAYSEIGMKGERYRGKGHDGLYQGLSTATKDTYDALHMQALPTM
CAR_mutant_155,EVMYPPPYLDNEKSNGIIIHVKGKHLCPSPLFPSPSKPFWELDVVGGVLACYALLVTVQFIIFWVRSKRSRLLHSDYSNMTPRRPGPTRKHYDIYAPPRDFAAYRSRVKFSRSADAPAYQQGQNQLYNELNLGRAEEYDVLDKRRGGDPEMGGKPQRRKNPQEGLYNELQKDKMAEAYSEIGMKGERRRGKGHDGLYQGLSTATKDTYDALHMQALPPR
CAR_mutant_156,EVMYPPPYLDNEKSNGTIIHVKGKHLCPSPLFPGPSKPFWVLVVVGGVLACYSLLVTVAFIIFWVRSKRSRFLHSDYMNMTPRRPGPTRKHYQPYAPPRDFAAYRSRVDFSRSADAPAYQQGQNQLQNELNLGRPEEYSVLDMRRGRDNEMGGKPQRRHNPQEGLYDELQKDKMAEAYSEIGMKGYRRRPKGHDGLYQGLSTATKDTYDALHMQALPPR
CAR_mutant_157,EVMYPPPWLDTEKSNGTIIHMKGKHLCPSALFPGPSKRFWVLVVVGGVLYCYSLLVTVAFIIFWVRSKRSRLLHSDYMTMTDRRPGPTRKHYQPYAPPRDFVAYRCRVKFSRSADAPAYQQGQNQLYNELNLIRREEYDVLDKRRGRDPEMGGKPQRRKNPQEGLYNELQKDKMAEAYSEIGQKGERRRGKGHDGLYQGLSTATKDTYDALHMQALPPR
CAR_mutant_158,EVMYKPPYLDNEKSWGHIIHVKGKHLCPSPLFPGPSKPFWVLVVVGGVLACYSLGVTVHFIFFWVRSKRSRLLHSDSMNMTPRRPGPTRKHSQGYAPPFDFAAYRSRVKFSRTADAPAYQQGQNQLYNELNLGRREEYDVLDKRRGGDPSMGGKPARRKNPQEYLYNELQKDKMAEAYSEIGMKGERRRHKGHDGLYQGLSTKTKDTYDALHMQALPPR
CAR_mutant_159,EVMYPPPYLDNEKSNGTIIHVAGKHLCPSPLFPGPSKHFWVLVVVGGVLACYSLLVTVANIIFWVRSKRSRLLHSDYMNMTPRRPGPTRKHYQPYHPPRDFAAYRSRVKFSRSYDAPAYLQGQNQLYNELNLGRREEYDVDDKRRGRDPEMGGKPQRRMNPKEGLYNELQKDFMAEAYSEIGMKGERKRGKGHWGLYQGLSTATKDTYDKLHMQLLPPR
CAR_mutant_160,EVMYPPPYLDNEKSNGTIIHVKGKHLCPSPLFPGPSKPFRVDVVVGGVLACYSLLVTVAFIIFWVRSKRSRLLHSDYMNMTPRRPGPTRTHYQPYAQPRDFAAYRSRVKFSRSADAPAYQQGQNQLYNELNLGLREEYDVLDKRRGRDPEKGGKPQRRKNPQEGLYNELQKDKMAEAYSEIGMKGERRRGKGHDGLYQGLSTATKDTYDTLHMQALPPR
CAR_mutant_161,EVMYPPPYLDNEKSVGTIIHVKGKHLCPSPLFPGPSKPFWVLVVVGGVLACYSLLVNVAFIIFWVRSKRSRLLHNDYMNMTERRPGPTRKHYQPYAPPRRQAAYRSRVKFSRSADAPAYQQGQNQLYNELNLGRREEYDVLDKRRGRDPEMGGKPQERKNPQEGLYNELRKDKMAEAYSEIGMKGERWRGKGHDGLYQGLSQATKDTYDAWHNQALPPR
CAR_mutant_162,EVMYPPNYLDNEKSNGTIIHKKGKHLCPSPLFPGPSKLFWVLVVVGGVLACYSLLVTVAFIIFWVRSKRSRLLHFDYMNMTPRTPGPTRKHYQPYAPPPDFAAYRSRVKFSRSADAPACQIGQNQLYNELNLGRREEYDVLDKRRGRDPEMGGKPQRRKNPQEGLRNELQKDKMAEAYSEIGMKGERRRGKGHDGLYSGLSTATKDTYDALHMQALPPR
CAR_mutant_163,EVMYCPPYLDNEKSNGTIIHVKGKHLCPSPLFPGPSKPFWVLVVVGGVLACYSLLVTVAFIIFWVRSKRSRLLHSDYMNMTPRRPGPTRKHYQPYAPPRPFAAYRSRVKFSRSADKPAYQQGQNQLYNELNLGRREEYDKLDKRHGRDPEMGGKPQRRKNRQEGLYNELQKDKMAEAYSEIGMKGERRRGKGHDGLYQGLSTATKDTYDALHMQALPPR
CAR_mutant_164,EVMYPPPYLDNGKSNSTIIHVKGKHLLPSPLFPGPSKPFWIWVVVGGVLACYSLLVTVAFIITWVRSKRSRLLHSDYMNMTPRRPGPTRKHYQPYAPPRDFAAYRSRVKFSRSAIAPAYQQGQNQLGNELNLGRREEYDVLDKRRGRDPEMGGKPLRRKNPQEGLYNELQKDKMAEADSEIGEKGERRRRKGHDGLYQGLYTATKQTYDWLHMQALPPD
CAR_mutant_165,EVMYPPPYLDNVKVNGTIIHVKDKHLCPSTLFPGPSKPFWVLVVVGGVLACYSLLVTVAFIFFWVRSKRSRLLQSDYSNMTPRRPGPTRKHYQPYAPPRDFTAYRSRVGFSRSKDAPAYQPGQNQLYNELNLGRREEYDVLDKRRGRDPEMGGKPQRRKNPQEGLYQELQKDKMAEAYSNKGMKAERRRGKGHDGLYQGLSTATKDTYDDMFMQALPPR
CAR_mutant_166,EVMYPPPYLDNEKSNGTIIHVKGKHLCPSHLFPGPSKPFWVLVCVGGVLACYSLLVTVAFIIFWVRSKRSRLLHSDYINMANRRPGPTRTHYQPYAPPRDFAAYRSRVKFSRSADAPAYQQGQNQLYNELNYGRREEYDVLDKRRGRDPEMGGKPARRKNPQEGLYNELQKDKHRIAYSEIGMKGERRRGYYHDGGYQGLSTATKDTYDALHMQDLPPR
CAR_mutant_167,EVMYPPPYQDWEKDNGTPIHVKGKHLCPSPLFPGPSKPFWVLVDNGGVLACYSLLVTVAFIIFWVRSKRSRLLHSMYMNMTPRRPGPTRKHYQPYAPPRDFAAYRSRVKFSRSADAPAYQQGQNQLYNEWNLGRDEEYDVLDKRRGRQPEMGGKPQRRKNPQEGLYNEAQKDKMAEAYSEIGMKGERRRGKGCDGLVCGLSTATKDTYDALHMQALPPR
CAR_mutant_168,EVMYPPPYLDNEKSNGTIIHVKGKHLCLSPLFMGNSKPFWVLVVVGGVLACYSLLVTVAFIIFWVRSKRSRLMHSDYMNMTPRRPGPTRKHYQPYAPPRDFAAYRSRVKFSRSADAPAYQQGQNQLYNELNLGRREEYDVLDKRRGRDPEMGGKPQRRKNPQEGLYNELQKDKMAEAVSEIGMKGERRRGKGHDGLYQGLSTAAKDTYDALHMQALPPR
CAR_mutant_169,EVMYPPSYLDNEKSNGTIIHVKGKHLCPSPLQPGPVKPFWVRVVVGGVLACYSMLVTVAFIIFWVRSKRSRLLHSDYMNMTPRRPGPTLKHYQSYAPPMDFAAYRSRVKFSRSAKAPAIQQGQNQLYNELNLGRREEYDVLDKRRGRFPGMGGKPQFRKNPQEGLYNELQKDKMAEAYSEIGMKGERRRGKGHDGLMQGLSTATKDTYEPLHMQTLPPR
CAR_mutant_170,EVMYPPPYLDNEKSNGTIIHVLGKHLCPSPLFPGPSKPFWVLVVVGGVLACYSLLVTVAFIIWWVRSKRSRLLHSDYMNMTPRRPGPTRKHYQPYAPPRDFAAYRSRVKFIRSADAPAYQQGQNQLYNELNLGRREWYDVLDKRRFRDPEMGGKPQRRKNPQEGLYNELQKDKMAEAYSEIHMKGERRRGKGHDGLYQGLSTATKDTYFALHMQALPPR
CAR_mutant_171,EVMYPPPYLDNEKSNGTFIHVKGKHLCPSPLFPGPSKPFWVLVVVGGVLACYSLLVTVAFIIFWVRSKRSRLLHSDYMNMTPRRFGPTRKHYQPYAPPRDFAAYRSRVKFSRSADAPAYQQGQNQLHNELWLGRREEDTYLDKRRGRDPEMGGKPQRRKNPQEGLYEELQKDKMAEAYSEIGMKGERRRGKGHDGLYQGGSNATKDTYDNLHFQALPPR
CAR_mutant_172,EVMYPPPYLPNEKSNGTIEHVKGKHLCPSPLFPGPSKPFWVLVVVGGVLACYSLLVTVAFIIFWVRSKRSRLLHSDYMNMTPRWPGPTRKHYQPYAPPRDFAAYRSRVKFSRSADAPHYQQGQNQLYCDLNLGRREEYDVLDKRRGRDLEMGGKPQRRKNPQEGLYNELQKDKMAEAYSCPGMKGERRRGKGHDGLYQGLSTATKDYYDALHMQALPPR
CAR_mutant_173,EVMYPPPYLINHKSNGTIIHVKGKHLCPSHLFPGPSKPFWVLVVVGGVLACYSLLVTVAFIQFAVRSKRSRLLHSDYMNMTPRRPGPTRKHYQPYAPPRDFAAYRSRVKFSRSADAPAYQQGQNQLYNELNLGRREEYDVLDDRRGRDPEMGGKPQRRKNPQEGLYNPLQKDKMAEAYSEIGMKGERRRGKGHDGLYVGLSTATKDTYDALHMQALPPR
CAR_mutant_174,EVMYPPNYLDKEKSNGTIIHVKGKHLCPSPLFPGPSKPFWVLVVVGGVLACYSLLVTVAFIIYWVRSKPSRLLHSLYMNMTPRRPGPTRKHYQPYAPPRDQAEYRSRVKFSRSADAPAYQQGQNQLYNELNLGRREEYDVLDKRRGRDPEMGGKHQRRKNPQEGLYNELQKDKMAEAYSEIGMKGERRRGKGHDGLYQGLSTATKDTYDALHMWAVPPR
CAR_mutant_175,EVMYPPPYLDNEKSWGTICHVKGKHLCPSPLFPGPSKPFWVLVVVGGVLACYSELVTKAFIIFWVRSKRYRALHSDYMNMTPRRPGPTRKEYQFYAPHRDFAAYRSRVKFSRSADAPAYQQGQNQLYNEMNLGRREEYDVLDKRRWRDPEMGLKPQRRKNPQEGLYNELQKDNMAEAYSEIGMKGERRRGWGHDGLYQGLPTATKDTYDALHMQALPPI
CAR_mutant_176,EVMYPPPYLDNEKSNGTIIMVKGKHLCPSPLFPGPSKPFTVLVVVGGVLACYSRLVTDAFIIFWVRSKRSRCLESDYMNWTPRRPGPYRKHYQPYAPPRDFAMYRSRVKFSRSADAPAYQQGQNQLYNELNLCRREEYDSLDKRRGRDPEMGGKPQRRKNPQEGLYNELQKDKMAEAYSEIGMKGERRRGKGHDGLYQGFSTATKDTYAALHMQALPPR
CAR_mutant_177,EVMSWHPYLDNEKSNGTIIKVKGKHLCPSPLFVGPSEPFWVLVVVGGVLACYSLLVTVAFINFWVRSKRSRLLHSDYMNMTPRRPGPTRKHYQPYAPPRDFAAYRSRVKFSRSADAPAYQQGQNQLYNELNLGRQEEYDVADKRRGRDPEMGGKPQRRKVPQEGLYNELQKDKYAGAYSEIGMKGERRRGKGHDGLYAGLSTATKDTYDALHMQALPPT
CAR_mutant_178,EPMYPPPYHDNEKSQGTIIHVKGKHLCPSPLFPGPSKIFWVVVVVGGVLACYSLLVTVAFIIFWVWSKRSRLLHSDYMNMTPRRPIPTRKHYQPYIPPRDFKAYRSRVKFSRKADAQSYAQGQNQLYNELNLGRREEYDFLDKRRGRDPEMGGKPQRRKNPQEGLYHELQKDKMAEAYSEIGMKGERRRGKGHDGLYQGLSTATKDIYVALHMQCLPPR
CAR_mutant_179,EVVYPPPYLDNEYSNGQIIHVKGKHLCPSPLFPGPKKPFWVLVVVGGVLACYSLLVTVAFIIFDVRSKRSRLLHSDYMNMTPRRPGPTRKHYQPYAPPRDFAACRSRVKFSRSADAPAYQQWQNQLYNELNLGRRFEYDVLDKRRGRDPEMGGKQQRRKNPQEGLYNELYKDKMGKAYSEIGMKGERRRGKGHDGLYPMLSTATKDTYDATHMQALPPR
CAR_mutant_180,EVMYPPPYLDNEKSNGTIIHVKGKHLCPSPLFPGPSKPFWVLVVVGGKLACYSLLVTVAFIIFWGRSKRSRLLHSDYMNMTPRRPGPTRKHYQPYAPPRDFAAYRSRVKFSRSADAPAYQQGQNQLYNELTLGRREEYDVLDKRRGRDPEMGGKPQRRKNPQEGLYNELQKDKMAEAYSEIGMKGERRRGKGHDGLYQGLSYATKDTYDALHMQALPPR
CAR_mutant_181,EVMYPPPYLDNEKSAGTIIHVKGKHLCPSPLFPGPSKPFWVLVVVGGVLACYSLLVTVAFIIFWVRSKRSRLLHSDYMNMTPRRAGPTRKHYQRYAPPRDFAAYRARVKFSRSADAPAYQCGQNQLYNELNLGRREEYDVLDKRRGRDPEMGGKPQRRKNPQEGTYNELQPDKMAEAYSEIGMKGERRRGKGHDGLYQGLSTATKDTYDALHMQALPPR
CAR_mutant_182,EVMYPPPYLINEKSNGTIIHVRGKHLCPSPLFFGPSKPFWVLVVVGPVLACYSLLVTVAFYIIWVRSKRSRLLHSCYMNMTPRRPGPTPKHYQGYAPPRDFAAYRSRVKFSRSCDAPAYQQGQNQLYNELNLGRREEMDVLDKRRGRDPEMGGKPFRRKNPQEGLYNELQKYKMAEAYSPIGMKGERRRGKGHDGLDQHLSTATKDTYDALHMQALPPR
CAR_mutant_183,EVMYPPPYLDNEKSNGTIIHVKGKHLCPSPLFPGPSKPFWVLVVTYGVLACYSLTVTVAIIIFWVRSKRSRLLHSDYMNMTPRRPGPTRKHYQPYAPPRDFAAYRSRVKFSRSADAPAYQQGQNQLYNELNLGRREEYDVLDKRRVRDPEMGGKPQRRKNPQEGLYNELQKDKMAEACSEIGTKGERRRGKGHDGTYQVLSTATKDTYDALNMQALPPR
CAR_mutant_184,EVMYPPPYLDNEKSNGTIIHVKGKHLCPSPLFPGPSKPFWVLVVVGGVLACYSLLATVAFIQFWVRSKRSRLLHSDYMNQEPRRPGPTRKHYQPYAPPRDFAAYRSRIKFSRSADAPAYQQGQNQLYNELNLGRREEYDVLDKRRGRDPAMGGKPLRRKNPQEGLYNELQNDKMAEAYSEIGMKGERRRFKGHDGLYQGLSTATKDTYDALHMQALPPR
CAR_mutant_185,EVMYPPPYLDNEKSNGTIIHVKGKHLCPSPLFPGPSKPFWVLVVVGGVLACYSLLVTVAFIIHWVRSKESRLLHSDYMNMTPRRPGPTRKHYQPYAPPRDFAAYRSRVKFSRSADAPYYQQGQNQLYNHLNLGRREEYDVLDKRRGRDPEMGGKPQRRKNPQEGLYNELQKSKMAEAYSEIGMKGERRRGKGHDGLYQGLSTATKDTYDALHLQALPPR
CAR_mutant_186,EVMYPPPYLDNEKSNGTIIHVKGKHLCPRPLFPGPSKPFWVLVVVGGVLACYSLLVTVAFIIFWVRSKRSRLLHSDYMNMTPRRPGPTRKHYQPYAPPRDFAAYRSRVKFSRSADAPAYQQGQRQLYNELNLGRREEYDVLDKRRGRDPEMGGKPQRRKNPQEGLYNELQKPKMALAYSSIGMKGERRRGKGHDGYYQGLSTATKDTYDALHMQALEPR
CAR_mutant_187,EVMYPPPYIDNEKSNGTNIHVKGKHLCPSPLFPGPSKPFWVLVVVGGCLACYSLLVTVAFIIFWIRKKRSRLLHSDYMNMTPRRGGPRRKHYQQYAPPRQFAAYRSRVKFSRSADAPAYQQGQNQLYNELNLGRREEYDVLDKRRGRDPEMGGKPQYRKNPQEGLYNELQKDKKAEAYSEIGMKGKRLRKKGHDGLYQGLSTATKCTYDALHMQALIPG
CAR_mutant_188,EVMYPPPYLDNEKSNGTIIHVKGKHLCPSPLFPGPSKPFWVLVVVGGVLACYSLLVTVAFIIVWVRSKRSRLLHSDYMNMTPRRIGPTRKHYQPYAPPRDFAAYRSRVKFSRSADAPAYQQGQNQLYNELNLGRREEYDVLDKRRGRDPEMGGKPQRRKNPQEGLSNELQKDKMAEAYSEIGMKGERRRGKGHDGLYQGLSDATKDTYDALHMQALPPR
CAR_mutant_189,EVMYDPCYLDNEKSNGTQIHVKGKHLCPSLLFPGPSKPFWVLVVVGGVLACYSLLVAVFFIIFWVRSKRSRLLHSDYMNMTPRRPGPTRKLYQPYLPPRDFALYRSRVKFSRSADAPAYQQGQRQLYNELNLGLREEYDVLWARRGRDPEMGGKPQRRKNPQEFLYNELQKDKMAGAYSEIGMKGERRRGKGHDGLYQGVSTATKDTPDALHMQALPPR
CAR_mutant_190,EVMYPPPYLDNAKSNGTIIHVKGKHLCPSPLFNGPSKPFWVLVMVGAVLACYSLLVTVAFIIFWVRSKRSRLLHSDYMNMTPRRPGPTRKHYQPYAQPRDFAAYRSRVKFSRSANAPAYQQGQNQLYNELNLGRREEYDMLDKRRGRDAEMGGKPQRRKNPQEGLYNELQKDLMAEAYSEIGMKGERIRGKGHDGLYQFLSTATKDTYDALHMQALPIR
CAR_mutant_191,EVMYPPPYLDWEKSNGTIIHVKGKHLCPRPLFPGPSKPFWVLVPVGGVLACYSDLVTVAFIIFWVYSKRSRNLHSDHMNMTPRRGGPTRFHYQPYAPPRDFAAYRVRVKFSRSADAPAYQQGQNQLYNELNLGRREEYDELDKRRGRDPEMGGKPQRRKNPQEQLYNELQKDKMAEAYSEIGMKGERRRGKGHDALYQGLSTATMDTYDALHMQALPPR
CAR_mutant_192,EVMYPPWYLDNEKSIGTIIHVKGKHLCPSPLFPGPSKGFWVLVVVGGVLAITSLLVTVAFIIWWVRSKRFRLLHSDYMNMHPRRPGPTKKHYQPYAPPRDFADYRSRVKFSRSADAPAYQQGQNQLYNELNLGRREEYDVLDKRRGRDPEMGGKPQRRKNPQEGLYNELQKDKMARAYSEPGMKGERRRGKGHGGLYQGLSTATKDTYDALLMQALPPR
CAR_mutant_193,EVMYPQPYLDNEKSNGTIIHVKGKCLCPSPLFPGISKPFWVLHVVGGVLACYSLLVTVAFIIFWVRRKRSRDLHSDYMNMTPRRPGPTRKHYQPYAPPFDFAAYRSRVKFSRSADAPAYQQGQNQLYNELNLGRREEYDVLDKRRGRDPEMGGKPFRRKNQQEGLYNELQKDKMAEAYSEIGCKGERRRGKGHDGLYQGLSTATKDTYDALHMQALPPR
CAR_mutant_194,EVMGPPPYLDNEKSNHTIIHCKGKHLCPSPLFPGPSKPFWVLVVVGDVLACYSLLVTVAFIIFWVRSKRSRLLHADYMNMTPGRPRPTRMHYQPYAPPRDFAAYKSRVKFSRSADAPAYQQGQNQLYNELNLGRREEYDVLDKRRGRDPEMGGKPQRRKNPQEGLYNELQKDKMAEAYSEIGMKGERRRGKGHDGLYQGLSTASKDTYDALHMQALPPR
CAR_mutant_195,EVMYPPPYLNNQKSNGTIIHVQGKHLCPSPLFPGPSKPFKVLVVVGGVLACYSLLVTVAFIIFWVRSKTSRLLHSDYRNMTPRRPVPTRKHYQPYAPPRDFAAYRSRKKFSRSADAPWYQQGANQLYNELNLGRREEYDVLDKSRGRDPEIGGKPQRRKNPQEGLYNELPKDKMAEAYSEIGMKGERRRGKGCDGLYQGLSTATKITYDALGMQALPPR
CAR_mutant_196,EVMYPPPLLDNEKSNGGIINVKGKHLCPSPLFPGPSKPFWVLVVVGGVLACYSVLVTVAFIIFGVDSKRSRLLHSDYMNMTPRRPGPTCKHYAQYAPPRDFAAYRSRVKFCRSADAPAYQQGQNQLYNELNLGRREEYDVLDKRRGRDPEMGGKPQRRKNPQEGLYNELQKDKMAEAYSEIGMKGERRRGKGHDGLYQGLSTATKDTYDALHMQALPPR
CAR_mutant_197,EVMYPPAYLDNEKSMGTEIHVKGKHLCPSPLFPGPSKPFWVLVVVGGVNACYSLLYTIAFIIFWVRSKRSRLNHSDYMNFTPRRPGPTRKHYNPYGPPRDFAAYRSRVKFSRSADAPAYQQGQNQLYNELNLGRRVEYGVLDKRRGRDPEMGGKPQRRKNPQEGLYNELQKDKMAEAYSEIGMKGERRRGKGHDGLYQGLSTFTKDTYDALHMQALPPR
CAR_mutant_198,EYMYPPPYLDNEKSNGTIIHVKGKHLCPSPLWPGPSKRFWFLVVVGGVLACYSLLVTVAFIIFWVRSKRSRWLHLDYMNMTPRRPGPTRKHYQPYAPPRDFAAYRSRVKFSVSADAPAYQQGQNQLYNELNLGRCEEYDVLDKRRGRDPEMGGKPQRRKNPQEGLYNELQKDKMAEAYSEIGMKGERRRGKGHDGLYRGLSTATKDTYDALHMQALPPR
CAR_mutant_199,EVMYPPPYLDNEKSNGTIIHVKGKHLCSSPLFPGPSKYFWVLVVVGGVLACYSLLVTVAFIIFRVRSKYSRLCLSDYMNMTPRRPGPTRKHYQPYAPPRDHAAYRSRVKSSRLADAPAYLQGQNQLYNEGNLGRRSEYDVLRKRRGRDPEMGGKPQRRKMPQEQLYNELQKDKMAEAYSEIGMKGERRRGKGHDGLYQGLSTATKDTYDALHMQALPPR
CAR_mutant_200,EVMYPPPYLDNEKSNGTIIHVKGKHLCFSPLFPGPSKPVWVLVVVGGVLACYSLLVTVALIVFWVRSKRSRQLHSDYMNMTPRTPGPTRKHYQPYIPPRDMAAYRTRVSFSRSADAPAYQQGQNQLYNELDLGMREEYDVLDKRRGRDPEMGNKPQRRPNPQEGLYNEPQKDKMAEAYSEAGNKGERRRGKGHDGLYQGLSTATKDTYDALAMQALPPR
CAR_mutant_201,EVMYPHPYHDNEKSNGTIIHVKKKHLCPSRLFPGPSQPFWVLVSVGGVLACYSLLVTVFFIIFWVRSKRSRLLHSDYMKMTPRRPGPTDKHYQPYAPPRDFAAYMSRVKFSRSADAPAYQQGQNQLYNELNLGFREEYDVLDKRRGRDPEMGGKPQRRKNPQEGLYNELQKDKMAEAYSEIGMKGERRRGKGHDGLYHGLSTATRDTYDALHYQALPPD
CAR_mutant_202,EVMYPPPYLDNEKSNGTIIHVKGKHLCPSPLFPGKSMPMWVLVVVGGVLACYSLLVTVAFRIFWVRSKRSCLLHCDYMNMTPRRPGPERKHYQRYAPPRDFAAYRSRVKFSRKADAPPYQQGQNQLYNELNLGRRGEYDVLDKRQGRLPEMGGKYQRRKNPQEGLYNCLQKDKMAGAYSEIGMKHDRRRGKGHDGLYQGLSTATKDTYDALHMQALPPR
CAR_mutant_203,EVIYPPFYLDNEKNNGTIIHVKGKHLCPSPGFPGPSKPFWVLVVVMGVLACYSLLVTVAFIIFWVASKRSRLLHSDYMNMTPRRPGPTRKHYQPYAPPRDFAAYRSRVKFSRSADAFAYQQGQNQLINELNNGRREAYDVLDKRRGRDPEMGGKQQRRKNPQEGLGNTLQKDKMAEAYSEIAMKGERRRGKGHDHLYNGLSTATKDTYDALHMQALPPR
CAR_mutant_204,EVMYPPPYLDNEKSNGTIIHVKGKHLVPSPLFPGPSKPFWVLVVVGGVLWCYSLLVTVAFIIFWVRSCRSRLTHSDYMNMTPDRPGPTRKHYQPYAPPRDFAAYRSRVKFSHSADAPPYQQGQNQLYNELNLGRREEYDVLDKGRGRDPEMGGKPQRRKNPQEGLYQELQSDKMAEAYSEIGMKGERRVGKGHDGLYQGLSTATKWTYDALMMQALPPR
CAR_mutant_205,EVMYPPPYLDNELSNGTIIHVKGKHLCPSPLFMPPSKPFWVLVVVGKVLACYSLLVTVAFIIFWVRSMRSRLCHSDYMNMTPRRPGPTKTHYQPYAPPRDFAAYWSRVKFSRSADAPAYQQGQNQWYNELNLGRREEYDVLDKRRGRDPEMGGLPQRRKNPQEGLYNELQKDKMAEAYSEIGMKGERRRGKNHDGAYQGLSLATKCTYDALHMQALPPR
CAR_mutant_206,EVMYPPPYLDNEKSNGTIIHVKGKHLCPSPLFPGWSKPFWVLVVVGGGLACYSLLVTVAFIAFWVRSKRMRLLPSDYMNMTPRRKGPTRKIYQPYAPPRDFAAYRSRVKFSRSADAPKYQQYQNQFYNELNLGRREEYDVLDKRRGRDPERGGKPQRRKNPQEGLYNELQKDKMAESYSEIGMKGFRRRGKGHDGLAQGLSTATKDTYDALHMQALPPR
CAR_mutant_207,EVMYPPPYLDNEKSNGTIIHVKGKHLCPSPLFPGPSKPFWVLVVVGMVLACYSLLVTVAFIIFWVRSKRSRLLHSDYMNMTPRRPGPTRKHYQPYAPPRDFAAYRSRVKFSRSADWPAYQQGQNQLMNELNLERREEYCVLDKRRGRDPEMGGKPQRRKNPQEGLYNELQKDKMAEAYSEIGMKGEPRRGKGHDGLWQILSTAVKDTYDALHMQALPPS
CAR_mutant_208,EVMYPPPVLDNENSNGTIIHVKMKHLCPSPLFPGPSKPFWVLVVWGGVLACYSLLPTVAFIIDWVRSKRSRLLHSDYMNMTPRRHGPTRKHYQPYAPFRDFAAYRSRVKFSRSADAPAYQQGQNQLYNELNLGRREEYDVLDKRRGRDPEMAGKPQRRKNPQEGLYNELQKDPMAEAYSEIGMKGERRRGKGHDGLYQGLSTATKDTTDALHSQALTYR
CAR_mutant_209,ENMYPPPYLDNEKSDGTIIHVKGKHLCPSPLFPGPSQPTWVLVVVGGVLCQYSLLVTVAFIEFWVRSKRSRLLHSDYMNMTPRRPGPTRKHYQPYARPNDFAAYRSRPKFSRSAKAPAYQQGQNQLYNELNLGRRFEYDVLDKRRGRDKEMGNKPQRRKNPGEGLYNELQKKKMAEAYVPIGMKGERRRGKGHDGLYQGLSTATKDTDDALHMQALPPR
CAR_mutant_210,EMMYPPPYLDNEKSNGTIIHVKGKHLCPSPLFPGPSFPFIVLVVVGWVLACYSLLVTVAFIIFWVRSKRKRLLHSDYMNMTPRRPGPTRKHEVPYAPWRDFAAYRSRVKFSRSADAPAYQQGQNQLYNELNLGRREEYDVLDKRRGRDPEMGGQPQRRKNPQEGLYNELQKDKMAEAASEIGMKGERRRGKGHDGLYQGLSTATKDTYDALHMQALPPR
CAR_mutant_211,EVMYPPPWLDNEKSNGTIIHVKGKHLCPSPLFPGLTKPFWVLVVVGGVLACYSLLVTVAFIIFWVRSKRSRLLHSDYMNMTPRRPGPTRKHYQPYAPPRDFAAYRSRVKFSRSADAPAYQQQQNGLFNELNLGRREEYDVLDKRWGRDPEMHGKPQLRRNPQEGLYNELQKDKMAEAYSEIGHKGERRRGKGHWGLYQGLSTATKDTYDALHMFALPPR
CAR_mutant_212,ECMYPPPYLDNEKSNGTIIHVKGKHLCTSPLFPMPSKPFWVLVVVGGVLACYSLLVTVAFIIFWVRSKRSRLLHSDYMNMTPRRPGPTRKHWQPYAPPRDFAAYRSRVKFSRSADAPAYQQGQNQLYNELNLGRREEYDVLRKRRGRDPEMGGKPQRRKNMQEGLYNELQKDKMAEAYSEIGMKGERRRGKHHDPLYQVLSTATKDTYDALEMQALPPR
CAR_mutant_213,EVKYPPPWLDNEKSVGTIIHVKGKHACPSCLFPGPSKPFWVLVVVGGVLACYSLLVTVAFIIFWVRSKRSRLNHSDYMNMTPRRPGPTRKHYQPYAPPRDFAAYRSRVKFSRSAAAPAYQQGRNQLYNELNLGRREYYDVHDKRRGRDPEMGGKPQRRKNPQEGLYNELQKVKMAEAYSNIGMKGERRRGKGHDGLYQGLSTATKDTYDALHMQHLPPR
CAR_mutant_214,EVMYPPPYLDNEKSNGTIIHVKGKHLCPSPLFPGPSKPFWVLVVVGGVLACYSLLVTVAFNIFWVRSQRSRLLHSDYHNMTPRRPQPTRKHYQPYAPPRDFAAYRSRVKFSRSADAPNYQQGQNQLYNETNLGRREEYDVLDKRRTRDPEMGGKPQRRKMPQEGLYNELQKDKMAEAYSEIGVKGERRRGKFHDGLYVGLSTATKDTADALHMQAGPPR
CAR_mutant_215,EVPYPPPPLDNEKSSGTIIHVKGKHLCPSPLFPGPSKPFWVLVVVGGVLACYSLLVTVAFIIFWVRSKRSRLLHSDYMNMTPRRPGETRKHYQPYAPPAKFAAYRSRVKFSRSADAPAYQQGQNQLYNELNLGRREVYDVLDKRRGRDPEMGGKPQRRKTPQEGLYNELQKDKMAEAYSEIGMKGERRRGKAHDGLYQGLSTATKDTYDALHMQALPPR
CAR_mutant_216,EVMYPPPYLDNEKSNGTIIHVKGKHRCPSPLFPGPSKPFWKLVVVGGVLACYSLLHKVAFIIFWPWSKRSRLLMSDYMNMTPRRPGPTRCHYQPYAPPRDFAAYRSRVKFSRSADAPADQQGQNQLYNELNLGRREEWDVLDKRRGDDPEMGGKPQRRKNPQEGLYNELQKDKMMEAYSEIGMKGEGRRGKGHDGLYQGLSTATGDTYDALHMQALPCR
CAR_mutant_217,EVMYNPPYLDNEKSNGTIIHVKGKHLCPSPLFPGPSKPFWVLVVVGGVLACYSLLETVAFIIFWVRSKRSRLLHSDYMNMTPRRPGPTRKHYQPYAPPRDFAAYRSRVKFSGSADAPAYQQGQNQLYNELNLGRRQEYDVLDKRRGRDPEMGGKPQRRHNPQEGLYNELQKDKMAEAYSEIGMKGERRRGKGHDGLYQGLSTATKITYDALHMQALPPR
CAR_mutant_218,EYMYPCPYLDNEKSNGTIIHVKGKHLCPYPLFPGPSKPFWELVVVGGVLACYSLLVTVAFIIFWLRHKHSRLLHSVYMNMTPRRTGPTRKHYGPYAPPRDFAAYRSRVKFSRSADAPAYQQGQNQLYNELQLGRREEYDVLDKRRGRDPEMGGKPQRRKNPQEGLYNELQKDKMAEACSEIGMKGERRRGTGHDGLYQGLSTATKDTYDALHMQALPPR
CAR_mutant_219,EVMYIPPYMDNEKSNGTIIHVCGSHLCPSPLFPGPSKPVWYLVVWGGVLACVSLLVTVAFIIFWVRSKASRLLHSDYMNMTPRRPGPTRKHYQPYAPPRDFAAYRSRVKFSRSADAPAYQQGQNQLYNELNLERREEYDVLDKRRGRDPEMGGKPQRRKNPQEGLYNELQKDKMAEAYSEICMKGERRRGKGHDGLYQGLSTATKDTYDALHDQALPPR
CAR_mutant_220,EVMYPPPYLDNEKSNGTIIHVKGKHLCPSPLFSGPSKPFWVLVVVGGVLACISLLVTVAFIIFWVRSKYSRLLHSDYMNMTPREPGPTRKHYQKWAPPMDTAAYRSRVKFSRSADAPAYQQGQNGLYNELNLGRRHEYDVLDKRRGRDPEMGGKPQRRKNPQEGLYNELQKDKMAEAYSEIGMKGEQRRGKGHDGLYQGLSTATKDTYDALHMQALPPR
CAR_mutant_221,EVMYPPPYLDNEKSCGTIIHGRGKHLCPSPLFPGPSKPFWVLVVVGGVLACYSLLVTVAFIIFWVRSKRSRLLHSDYMNMTPERPGPTRTHYQPYAPPRFFAAYFSRVKFSRSADAPAYQQGHNQTYNALNLGRREEYDVQDKRRGRDPEMGGKPQRRKNPQEGLYNELQKDKMAEAYSEIGMKGERYRGKGHDGLYQGLSTATKDTYDALHMQALPPR
CAR_mutant_222,EVMYPPPYLDNEKSNGTIIHVKGKHLCPSPLFPGPSKPFWVLVVVGGVLACYSLLVTVAFIIFWVRSKRSRLLHSDYMNMTWRRPGPTRKHYQPYAPPRDFAAYRSRVKFSRSADAPAYQQGQNQLYNELNLGRREEKDVLDKRRGRDPEMGGKPQRRKNPQEGLYNELQKDKMAEAYSEIGMKGERWRGKGHDGLYQGLSTATKDTYDAYAMQALPPR
CAR_mutant_223,SVMYPPGYLDNEKSNGTIIHVKGKHDCPSPLFPGPSKPFWLLVVVGGVAACYSIFVTVAFIFFWVRSKRSRLLHSDYMNMTPRRPGPQRKHYQPYAPPRDFAGYRSRFKFSRSADAPAYQQSQNQLYNEANLGRREEYDVLDKRRGRDPESGGKPQRAKNPQEGLYNELQKDKMRPAYSEIGMKGERMRYKGHDGLYQGLSTATKDTYDALHMQALPPR
CAR_mutant_224,EVMYPPPYLDNEKSNGTIIHVKGKHLCPSPLFPGPSKPFWVLVVVGGVLACYSLLVTVAFIIFWVDSKRSRLLHSDYMNMTPRRPGPTRKHYQPDAPPRDFAAYRSRVHFSRSAIAPAYQQGQCQLYNELNLGRREEYDVLDARRGRDPEMGGLPQRRKNPQEGLYNELQTDKMAEAYSWIRMKGERRRGKGHRGLYQGLSTATKDTYDALHMQAAPPR
CAR_mutant_225,EVMYPPPYLDNEKSNGTIIHVKGKHLCPSPLFPGPSKPIWVLVVVGGVHACYSLLVTVSFIIFWVRSKCSCLLHSIYMNMTPRRPGPTRKHYQPYAPPRDRAAYRSRVKFSRSADAPAYQQGQNQGYNELKLGRREEYDVLDKRRGRDPEMGHSPQRRKNPQEGLYNELQKDKFAEAYSEIGMKGERRRGKGHDGMYQGLSTATKDTYDALHMQALPPR
CAR_mutant_226,EVMYPPPYLDNEKSNGTIIHVKGKHLCPSPLFPGPSPPFWVLVVVGGVLACYSLLVTVAFIIFWVRSKRSRLQHSDYMNMTPRRPGPTRKHYQPYAPPRDFAAYRSRVKFSRSADAQAYQQGQNQLYNELNLGRREEYDVLDKRRGRDPEMGGKNQRRKNPQEGLYNELQKDKMAEAYSEIGMKGERRRGKGHDGLYQGLSTATKDTYDALHMQALPPR
CAR_mutant_227,EVMYPPPYMDNEKSNGTIIHVKGKHLCPSPLFPGPSKAFWVLVVVGGVLACYSLLVTVAFIIFWVRSKRLRLLQSDYMNMTPRRPGPTRKHYQPYAPPWDFAAYRSRVKFSRSADAPAYQQGQNQLYNELALGRREEYDVLDKRRGRDPEMGGKPQRRKNPQEGLYNELQKDKMAEAYSEIGMKGERRRGKGHDGLYQGLSTATKDGYDALHMQALPPR
CAR_mutant_228,EVMYPPPYLDNEKSNGTIIHVKGKHLCPSPLFPGPSKPFWVLVVAGGVLACYSLLVTVAFIIFWVRSKRSRLLHSDYMNMTPRRPGPTRKHYQPYAPSRDFVAYRSRVKFSRSADAPAYQQGQNQLYNEWNLGRREEYDVLDKRRGNDPEMGGKPQRRKNPQEGLENELQKDKMAEAYWEIGMKGERRRGKGHDGLYQGLSTATKDTYDALHMQALPPR
CAR_mutant_229,WVMYPPPYLDNEKSNGTIIHVKGKHLCPSPLFPGPSKPFWVLVVVGGVLACYSLLVTVAFIIFWVRQKRSRLLHSDYMNMTPRRPGPTRKHYQPYAPPRDFAAYRSRVKFCRSADATAYWQGQNQLYFELNLGRREEYDVLDKRRGRDPEMGGKPQRRKNPQEGLSNDLQKDKMAEAYSEIGMKGERRRGKGHDGLYQGLSTATKDTYDALHMQALPPR
CAR_mutant_230,EVMYPPPYLDNEKSHGTIIHVKGKHLCPSPLFPGPSKPFWVLVVVGGVLACYSLLVTVAFIIFWFRSKTSRLLHSDYGNMTPRRPGPCRKKYQPYAPPRDFAAYRSRVKFSRSADAPAYQQGQNQLYNELNLGVREEYDVLDKRRGRDPEMGGKPQRRKNPQEGLYNRLQKDKMAEAYSDIGMKGERRLGKGHDGLYFGLSTAAKDTYDDLHMQALPPR
CAR_mutant_231,EVGYPPPYLDNHKSNITIIHVKGKHLCPSPLFPGPSKPFWVLVVVGGVLACYSLLVTVASIIFWVRSYRSRLLHSGEMNMTPRRPGPTFKHYQPYAPPRDFAVYRSRVKFSRSADAPAYQSGQNQLYNELNLGRREEYDVLDKRRGRDPEMGGKPQRRKNPQEGLYNEDQKDKMAEAYSEIGMKGERRRHKGHDGLYQGLSTATKDTYDALHMQALNPR
CAR_mutant_232,EVMYPPPYLDNEKSNGTIIHVKGKHLCPSPLFPGPSKPFEVLVVVGGVLACYSLLVRVSFIIFWVRSKRSRLLHSDYMNMTPRRPGPGRKEYQPYAPPRDFAAYRSRVKFSRSADAPAYQQGQNQLYNELNLGRREEYDVLDKRRGRDPEMGGKPQRRKNPQEGLYNELQKDDMAEAYSEIGMKGERRRGKGHDGLYQGLSTATKDTYDALHMQALPPR
CAR_mutant_233,EVMYPPPYLDPEKSNGHIIHVKGKHLCPSPLTPGPSKPYWVLVVVGGVLACYSLLVTVAFIIFWVKSKRSRLLHIDYMNMTPRRPGPTRKHYQPYAIPRDFAAYNSRVKFSRSADAPAYQQGGNQLYNELNLGRREEYDVLDKRRGRDPEMGGKPQRRKNPQEGLYNELQIDKMAEAYSEIGMKGENSRGKGHDGLYQGLSTATKDTYDALHCQALPPR
CAR_mutant_234,EVMWPSPYLDNEKSNGTIIHVKGKGLCPSPLFPGPSKPFWVLVVVGGVTACYSLLVTVAFIIFWVRMFRSRLLHSDYMNMTPRRPGPTRKHYQPYAPPGDEAAYRSRVKFSSSADAPAYQQGQNQLYNEHGLGRREEYDVLDKRRGRDPEMRGKPQRRKNPQEGLYNELQKDKMAEAYSEIGMKSERRRGKGHDGLYQGLSTATKRTYDALHMTALPPR
CAR_mutant_235,EVMYPPPYLDNEKSNGTIIHVKGKCLCPSPLFPGPSKPFWVLVVVEGVLACYSLLVTVAFIIFWVRSKRSRLLHSDFMNMTPRRPGPTRKHYQPYAPPRDFAAYRSRVKFSRSADAPAYQQGQNQLYNEGNLPRREEYVVLGCRRGRDPEMGGKPQHRKNPQEGLYNELQKDKMAEAYSEICMYGERRRGKGHDMLYQGDSTATKDTYDALHMQALPPR
CAR_mutant_236,EVMYPPPYIDNEKSNGTIIHVKGKHLCPSHLFPGPSKPFWVLVVVGGVLACYRLLVTVAFIIFWVRSKRSNLLHSDYMNMTPRRPGPTRKHAQPYAPPRDFAAYRERVKFSRSADAPAYLQGQNQLYNELNLGRRTTYDVLDKRRGLDPEMEGEPQRRKNPQEGLYSELQKDKRAEAYSEIGMKGERRRGKGHDGLYQGLSTATKDTYDALHMQALPPR
CAR_mutant_237,EVMYPPPYLDNEKSNGTIIHVKGKHLCPSPLFPGPSLPFWVLVDVGGVLACYSHLVTVAFIIFWVRSKRSQLLHSDYWNATPRPPGPTRKHYKPYAPPRDFAAYWSRVKWSDSADAPAYQQGNNQLYNELNLGRREEYDVLDKRRGRDPEMGGSPQRKKNPQEGLYNELQRDKMAEAYSEIGLKCERRRGKGHDGLYQGLSTTTKDTYDALHMQALPPR
CAR_mutant_238,EVMYPPPYLDNEKSNGTGIHVKGRHLCPSPLFPGPSKPFDVLVVVGGVLACYSLLVTVAFIIFWVRSKRSRLLHSDYMNMTPRRPGPTRKHYQPYAPPKDFAAYRSRVKFSRSSTAPACQQGQNQLYNESNLGRRESYDFLDKRRGRDPEMMGKPQRRKNPQEGLYNELQKDKMAEAYSEIGMKGWRRRGKGHDGLYQGLSTATKDTYDALHMQALPMR
CAR_mutant_239,EVMYQPPYLDNEKSNGTIIHSKGKHLCPSPLFPGPSKPFWVLVSVGGVLACDSLLVTVAFIPFWVRSKRSRLLHSDYMNMTPRRPGPTRWHVQPYAPPRDFDAYRSRVKFSRSADAPAYQQGQNQLYNELNLQEREEYDVIDKRRGRDPEDGGKPQRRKNPQEGLYNELPKDKMAEAYSEIGMKGERRRGKGHDVLYQGLSTATKRTYDALHMQALPPR
CAR_mutant_240,EVMYPPPYLDNEKSNGTIIHVKGWHLCPSPLFPGPSKEFYVLVVVGGVLARYDLLVTVAFIIFWVRSKRSRLLHSDYMNMTPRRDGPTRKHYQPYAPPRDFAAYRSRVKFSRSADAPAYQQGQNQLYNECNLGRRFRYYVLDKRRGRDPECGLKPQRRKNPQEGLYNELQKRKMAEAYSEIGMKGFRRRGKGHDGLYQGLSTATKDTYDALHMQALPPR
CAR_mutant_241,ESTYPPPYLDNEKSNGTIIHVKGKHLCPSPLFPGPSPPPEVLLVVGGVLACYSLLVTVAFIIFWVRSHRSRLYHSDYMNMTPRRPGPTRKHYQPPAPPRDFAAYRSRVKFSRSADAPAYQQGQNQLYNESNLGRREEYDVLDKRRGRDPEMGGKTQRRKNPQVGLYNELQKFKAAMAYSEIGMKGERRRGKGHDGLYQGLSTATKDTYDALHIQALPPR
CAR_mutant_242,EVMYPPPYLDNEKNNGTIIHVKGKHLCPSPLFPGPSKPFWVLVVVGGVLAVYSLLVTVAFIIFWVRSKRSRLLHSDYMNMTPRRPGPTRKHYQPYAPPRDFAAYRSRVKFSRSADAPAYQQGQNQLYNELNLGRREEYDVLDKRRGRSPEMGNKQQRRDTPQEGLYNQCQKDKMAEAYSEIGMKGERRRGKGHDGLYQCLSTAFKDTYDALHMQALPPR
CAR_mutant_243,EVMYPPPYLDNEKSNGQIIHVKKKHLCPPPLFPGPSKPFWVLVVVGGVLACYSLLVTVAFIIFWVRSKRSRLLHSDYMNMTPRRPGPTRKHYQPYAPPRDFAAYRSFVKFSRSIDAPAYQQGQNQLYNELNLGRREEYDVLDKRKGRDPEMGGVPQRRKNPQEGLYNELQKDKMAEAYSEIRMKGERRRGKGHDGLYQGLSTMTKDTYDALHMQANPPR
CAR_mutant_244,EVGYPPPYLDNEESNGTIIHVKGKHLCPSPLFPAYSKPFWVLVVVGHVLACYSLLVTVAFIIFWVRSKRSRLLHSDYMDMTMRRPGPTRGHYQPYAPPRDFAAYRSRVKFSRSADAPAYQQGQNQLYNELNLGRREEYDVLDKRRGRDPEMGGKPQRRKNPQEGLYNELQKDKHAEAYSEIGMKGERRRGKGHDGLYQGLSTATKDTYDALHMQALPPR
CAR_mutant_245,EVMYPPPYLDNEKSNGTIFHVKGKHLCPSPLFPGPSKPFWVLVVVGGVLACYSLLVTVAFIIFRVRSKRSRLLHSDYMNMTPRRPGPTRKHYQPRAPPRDFAAYVSRVKFSRSADAPAYQQGQNQLYNELNLGRREEYDVLDKRRGRDPEMGGKPQRRKNPQEGLYNELQKDKMAEAYSEIGMKGERRRGKGHDGLYQGLDTATKDTYDALHMQALPPR
CAR_mutant_246,EVMYPPPYLDNEKSNGTIIHVKGKHLCPSPLFAGPSKNFWVLVHVGGVLAAYSLLVTVAFIIFWVRSQRSRLLHSDYMNMTPRRPGPTRKHYQPYAPPRDIAAYRSRVKFSRSADAPAYQQGQNQLYNELNLGRREEYDVLDKRRGRDPEMGGKPQRRKNPQEGLYNELQKDKMAEAISHIGMKGERRRGKGHDGLYQGLSTATKDTYDALHMQALPPR
CAR_mutant_247,EVMYDPPWLDNEKSIGTIIHVKGKHLCPSPLFPGPSKPFWVLVVVGGVLACYSNLVTVAFIIFWVRSKRSRLLHSDYMNMTPRRPGENCKHYQPYAPPRDFARYRNRVKFSRSADAPAYQQGQNQLYNELNLGRREEYDVLDKRRGRDPEMGGKPQRRKNPQEGLYNELQKDKMAEAYSEIGMKGERRRDKGHDGLYQGLSTATKDTYDALHMQALPPR
CAR_mutant_248,EVMYPPPYLDNEKSNGTIIHVKGKHLCPSPLFPGPSKPFWVLVVVGGVLACYSLLVTVAFIIFLVRSKRSRLLHSDYMNMTPRRPGPTRKHYQPYAPPRDFAAYRSRVKFSRSADAPAYCQGQNQLYNELVLGRREEYDVLDKRRGRDPEMGGKPQRRKNPQRCLYNELQKDKMAEAASEIGMKGERRRGKGHDGLYQGLSTATKDIYDALHMQALPPR
CAR_mutant_249,EVMNPPPYLDCEKSNGTIIHVKGKHLCPSPLFPLPSKHFWVLVVVGGVLACYSLLVTVAFIIFWVRSKRSRLLHSDQMNMTPRRPGPTRKHYQPYAPPRDFAAYRSRVKGSRSADAPEYQQGQNQLYNELNWGRREKYDVLVFRRGRDPEMGGKPQRRKNPQEGYYNELQKDKMAEAYSEIGMKGERRRGKGHDNLYQGLSTATKDTYDALHMQFLPPR
CAR_mutant_250,EVMYPPPYLDNEKSNGTIIHVKGKHLCPSPLFPGPSKPFWVLVVVAGVLACGSLAVTVAFIIFWVRSKRVALLHSDYMNMTQRRPGPTRKHYQPYAPPRDFAAYRSRVKFSRSADAPAYQQGQNQLYNEVNLGRREEYDVLDKRRGRYHEMGGKPQRRKNPQEGLYNELQKDKMAEAYSEIGMKGERRRGKGHDGLYQGLSTATKDTYDALHMQALPPR
CAR_mutant_251,EVMYPPPDDDNEKSNGTIIHVKGKHLCPSALFPGQSKPFQVLVVVGGVLACYSLLVRVAFIIFWVRSKRSRLEHSDYMNMTPRRPQPTRKHYQPYAPPRDFAARRSRVVFSRSADAPEYQQGQNQLYNELWLGRREEYDVLDKRRGRDPEMGGKPQGRKNPQEGLYNELQYDKMAEAYSEIGYKGERRRIKGHDGLYQGLSTATKDTYDALHMQALPPR
CAR_mutant_252,VVMYPPPYLDNEKSNGTIIVVKGKHLCPSPVFPGPSKPFWVLVVVEGVLACYSLLVTVAFIIFWVRSKRSRLLHSDYMNMTPRRPGPTNKKYQPYAPPRDFAAYRSRVKFSRSADYPAYTQGPNQLYNELNLGRREEYDVLDKRRGRDPEMGGKPQRRFNPQEGLYNELQKDKMREAYSEIGMLGWRRRGKGHDGLYQGLSTATKDTYDALHMQALPPR
CAR_mutant_253,EVMYPPPYLDNEKSNGTIIHVKGKHLCPSPLFPGPSKPFWVLVVVGGVLACYSLLVTVAFIIFWVRSKRSRLLHSDYMNMTWRRPGPTRKHYQPYAPPRDFAAYRSRTKFSRSADAPAYQQGQNQLYNELNLGRREEYDVLDKRRGRDPEMGGKPQRRKNPQEGLYNELQKDKMAEAYSEIGMKGERRRGKGHDGLYQGLSTATDDTYDALHMQALPPR
CAR_mutant_254,EVMYPPPYLDNEKSNGTFIHVKGKHLCPSPLFPGPSKPFWVLVVVGGVLACYSLLVTVAFIIFWVRSKRSRLLHSDYMNCTPRRPGPTRKHYQPYAPPRDFAAWRSRVKFLRSADAPAYQQGQNQLYNELYLHRRREYDVLDKRRGRDPEMGGLPQRRKNPQEGQYNELQKDKMAEAYSEIGMKTERRRGKGHDGLYVGLSTATKDTYDALHMQALPPR
CAR_mutant_255,AVMYPPPYLDNEKSNGTIIHVKGKHLCPSPLFPGPSKPFWHLVVVGGVLACYSLLVTVAFIIFWVRSKRSRLLHSDYMNMTPRRPGHTRKHYQPYAPPRDFAAYRSRVKFSRSADAPAYQQGQNQLYNELNLGRREEYDVLDKRFGRDPEMGGKPQRRKNPQEGLYNELQKDKMAEAYSEIGMKGERRRGKGHDGLYQGLSTATKDTYMALHAQALPPR
CAR_mutant_256,EVMYPPPYLDNEKSNGTIIHVKGKHLCPSPLFPGPSKPFWVLVVVGGVLACYSLLVTVAFIIQWVRSKRSRLLHSDYMNMTPRRPGPTRKHYQPYAPARDFAAYRSLVKFSRSADAPAYQQGQNQLYNELNLGRREEYDVLDKRRGRAPEMGGKPQRRKNPQERLYNELQKDKMAEAYSEIGMKGERRRGKGHDGLYQGLSTATKDTYAALHMQALPPR
CAR_mutant_257,EVMYPPPYLDNEKSNGTIIHVKGKHLCPSPLFPGPSKPFWVIVVVGGVLACYSLLVTVAFIIFWVASKRSTLLHSDDMNMTPRRPGPTRKHYQPYAPPRDFAAYRSRVKFSRSADAPAYQQGQNVLYNELNLGRREEYDMLDKRRGRDPEMGGKPLRRKNPQEGLYNELQKDKMAWAYSEIGMKGERRRGVGHDGLYQGLSTATKDTYDALHMQALPPR
CAR_mutant_258,EVMYPPPYLDNEKSNGTIIHVKGKHLCPSPLFPGPSRPFWVLVVVGGVLACYSLLVTVAFIIFWVRSKRSRLLHSDYMNMTPRRPGPTRKHYQPYAPPRDFAAYRSRVKFSRSADAQAYQQGQNQLYNELNLGRREEYDVLDKRRGRDPEMGGKPQRRKNPQEGLYNELQKDKMAEAYSEIGMKGERRRGKGHDGLLQGLSTATKDTYDALHMQALPPY
CAR_mutant_259,EVMYPPPYLDNEKSVGTIIHVKGKHLCMSPLFPGPSKPFWVLVVVGGVLACYSLLVTVAFIIFWVRSKRSRLLHSDYMNMTPRRPGPTRKHYQPYAPPRDFAAYRSRVKFSRSADAPAYQQQQNQLYNEVNTGRREEYDVLDKRRGRDSEMGRKPQRRKNPQEGLYNELQKFKMAEAYSEIGMKGERRRGKGHDGLYQGLSTHTKDTYDALHMQALPPR
CAR_mutant_260,EVMYQPPYLDNEKSNGTIIFVKKKHTCPSPLFPGPSKPFWVLVVVGGVLACYSMLKTVAFIIFWVRSKRSRLLHSDYMNMRPRRPGPTRKHYQNYAPPRDIAAARSRVKFSRSADAPAYQQGQNQLYNELNLGVREEYDVLDKRRGRDPEMGGKPQRRKNPQFGLYNELIKDKMAEAYSEIGMKGERRRGKGHDGLYQGLSTATKDTYDALHMQHLPPR
CAR_mutant_261,EVMYPPPYLDNEKSNGTIIHVKGKHLCPSPLFPGPSKPFWVLVVVGGVLACYSLLVTVAFIIFWVRQKRSRLLHSDYMNMTPRRPGPTRKHYQPYAPPRDFAAYRSRVKFSRSAAAFAYDQGQNQLYNELNLARREEYDVLDKRRGRDPNMGGKPQRRKNVQEGLYNFLSKDKMAEAYSEIGMKGERMRGKGHDGLYQGLSTATKDTYDALHMQALNPR
CAR_mutant_262,EVMYPNPYLCNEKSNGTIIHVKGKHLCPSPLFLGPSKPFWVLVVVGGVLKCYSLLVTVAFIIFWVRSKRSRLLHSDYMNFTPQFPGCTRKHYQPYAPPRDFAAYRSDVKFSRSADAPAIQQGQNQLRNELNLGRREEYDVLDKRRGRDPEMGGKPQRRKNPQEGLYNELQKDKMAEAYSEIGMKGERRRGKGHDGLYQGLSTATKDTYDALHMQALPPR
CAR_mutant_263,EVMYPPPYLDNEKSGGTIIHVKGKHLCPSPLFPGPSKPFWVLVVVGGVLACYSLLTTVMFIINWVRSKRERLLHSDYMNMTPRRPGPTRKHYQPYAPPRLFAAYRSRVKFSRSADAPAYQQKQNQLYNELNLGRREEYDVLDKRRGRDPEMGGKLQRRKNPKERLYVELQKDKMAEAYSEIGMWGENRRGKGHDGLYTGLSTATKDTYDALQMQALPPR
CAR_mutant_264,EVSYPPPYLDNEKSNGTIIHVLRKHLCPSPLFPGPSKPFWVLVVVGGVLACYSLLVTVAFIRFWVRSKRSRLLHSDYMNMTPRRPGPTLKHYQPYAPPRDFAAYRSRPKFSAPHDADAYQQSQNQLYNELNLGRREEYDVLDKRRGRDPEMGGKPIRRKNPQEGLYNELQKDKMAELYSEIGMKGERRRGKGHDGLMQGLSTATKDTYDALHMQALPPR
CAR_mutant_265,EVMYPPPNLDNEKSNGTIIHVKGKHLCPSPLFPQPSKPFNVLVVVGGVLACYSLLVTVAFIRFWVRSKRSRLLHSDYMNETPMRPHPTRKHYQPYAPPRDFKAYRSRVKFSRSADAPAYQQGQNQLYNELNLGRREEYDVLDKRRGRAPNMGGKPTFFKNPQTGLYNELQKDKMAFAYSEIGMKGERRRGKGHDGLEQGVSTATKDTADALHMQALPPR
CAR_mutant_266,EVMYPPPYLDNEKSNGTIIHVHGKHLTPSPLFPGPSKPFWVLVVVGGVLACYSLLVTVAFIIFWVRSKRSRLLHSDYMNMTPRRPGPTRKHYQPYAPPRDFAAYRQRVKFSRSADAPAYQQYQNQLYNELDLGCREEYDVLDKRRGRDPLMGGKPQRRKNPQEGLYNELQKDKMAEAYSEIGMKGERRRGKGHDGLYQGLSTATKDFYDALHMQALPPR
CAR_mutant_267,EVMYCPPYLDNEKSNGTISHVKGKHLCPSPLFPGPSKPFWVLVVVGGVLAIYSLLVTVAFIIFWVRSKRHRLLHSDAMNMTPRRPGPNEKHYQPYAPPRDFAAYRSRVKFSRAADAPAYQQGQNQLYMELNLGRREEYDVLDKRRGRDPEMGIKPQRRKNPQEGLYNELQKDKMAWAYSEIGMMDERRRGKGHDGLSQGLSTATKQTYHALHMAALPPR
CAR_mutant_268,EVMYPPPGLDNEKSNGTIIHVKGKHLCPSPLFPRMSKPFWVLVVVGGVKACYSLLVTVAFIEFWVRSKRSRLLHSDYMNMTPRRPGPTRKHYQPYMPPRIFAAYRSRVKFSYSADAPAYQQGQNQLYNELNLGRREEYDALDKRRGRDPEMGGKPQRRKNPQEGLYNELQKDKMAEAYSEIGMKGERRRGKGHDGLYQGLSTATKDTYSALHMQPLPPR
CAR_mutant_269,EVMYPPVYLDNEKSNGTIIHVKGKHLCPSPDFPGPSKPFWVLVVVGGVLACYSLLVTVAFIIFWVPSKRSRLLHSDYMNMTPRRPGPTRKHYQPYAPPRDLAAYRSRVKFSRSADAPAYQQGQNYLYNELNLGRREEYDVLDKRRGRDPEMGGKPQRRKNPQEGLYNELQKDKMAEAYSEIGMKGENRRGKGHDGLYQGLSTATKDTYDALHMQALPPR
CAR_mutant_270,EVMYPPPYLDNEKSNGTIIHVKGKHPCPSPLFPGPSKQFWVLVVYGWVLACYSLLVTVAFIIFWVRSKRSRLLYSDYMNMTPRRPGPTSKHYQGYAPPRDFAAYRSRVKFSRSADAPAYQQGQNQLYNELNLGRREEYDVLDKRRGRDPEMGGKPQRRKNPQEGLYNELQKDKMAEAYSEIGMKGERRRGKGHDGLYQGLSTATKDAYDALHMQALPPR
CAR_mutant_271,EVMGCPPYLDNEKSNGTIIHVKGWHLCPSPLFPGPSKPFKVLVVVGGVLACYSLLVSVAFITFWVRSKRSRLLHSDYMNMTPRRPHPTRKHYQPYAPPRDFAAYRSKVKFSPSADAPAMQQGQNQLYNELCLGRREEYDVLCKRRGRDPEMGGKPQRHKNPQEGLYNELQKDKMAETYSEIGMKTERRRGKGHDGLYQGLSTATKDTYDALHMKALPPR
CAR_mutant_272,EVMYPPPYLDNEKSNGTIIHVKGKHLCPSPLFPGPSKPFWVLVVVGGVLACYSLLVTVAFIIFWTRSKRSRLLHSDYMNMTPRRPGPTTKHYQPYADPRDFAAYRIRVKFSRSADPPAYQQGQNRLYNELNLGRFEEYDVLDKRRGRDPIMGGKPQRRKNPQEGWYNELQKDKMAEAYSEIGMYGERRRGKGHDQLYQGLSTATKDTYDALHMQALPVR
CAR_mutant_273,EVMYPPPYLDNEKSNGTIIHVKGKHLCPSPLFPGPSKPFWVLVVVGGVLACYSLLVTVAFIIFWVRSKRSRLLHSDYMNMTPRRPGPTRAHYQPYAPPRDFAAYRSRVPFSRSADAMAHQQGQNQLSNELNLGRREEYDVLMKRRGRDPEMVGKPQCRKNPQEGLYNELQKDKMAEANSEIGMKGERRRGKGHDGLYQGLSTATKDTYDALHMQALPPR
CAR_mutant_274,EVMYPPPYHDNEKSNGTIIHVKGKHLCPSPLFPGPSKPFWVLVVVGGVLACYSLLVTVAFIIFWVRSKRSRLLHSDYMNMTPRRPGPTRKHYWPYAPPRDFAAYRSRVKWSRSADAPAYQQGQNPLYNELNLGRREEYWVLDLRRGRDVEMGGKPQRRKNPQEGLYMELQKDKMAEAYWESGMKGERRRGKGHPGLYQGLETATKDTYDALHMQALPPR
CAR_mutant_275,EVQYPPPYLDNEKSNGTIIHVKGKHLCPSPLFPGPSKHWWVLVVVGGVPACYSLLVTVAFIIFWLRSKRSRLLHSDYMNMTPRRPGPTRKHYQPYAPPRMFAAYRSRVKFSRSADAPAYQQGQNQLYNELNLGRREEYDVSDKRRGRDPGMGGKPQCRKNPQEGRYNELQKDKMAEAYSEIGMKGERRRGKGHMGLYQGLSTATKDTYDALHMQALPPR
CAR_mutant_276,EVMYPPPYLDNEKSNGFIIHVKGKHLGPSPLFPGPSKPFWVLVVVGGVLACYSLLVTVAFIIFWVRSKRDRLLHSDYMNMTPRRPGPTRKHYQPVAPPRDFLAYRSRVKFSRSADVPAWQQGQNQLYNELNLGRREEYDVLDKRRGRDPEMGGKPQRRKNPQEGWYNELQKDKMAEAYSEIGMKGERRRGVGHDGLYQGLSTGTKDTYDALHHQALPPR
CAR_mutant_277,EVMYPPPYLDMEKSHGTIIHVKGKHLCPSPLFYGPSKPFWVLVVVGGVLACSSLYVTVAFIIFWVISYRSRPLHSDYMNMTPRRPGPTRKHYKPYAPPRDFAAYRSRVKFSRSEDAPAYQQGQNQLYNELNLGRREEYDVLDKRRGRDPEMGGKPQRRTNPQEGLYNELQKDKMAEAYSEIGMKGERRRGKGHDGLYQGLSTATKDTYDALHMQALPPR
CAR_mutant_278,EVMYPPPYLDNEKSNGTIIHVKGKHLCPSPLFPGRSKPFWWLVVVGGVLACYSLLVTVAFIIFWVRSKRSRLLHSDYMNMTPRRPGPTRKHYQPYAPPRDFAAYRSRVKFSRSKDAPAYQQGQNQLYNELNLGRREEYDVLDARRGRDPEMGGKPIRRKNPQEGLYNELSKDKMAEAYSSIGMKGERWRGKGHDGLYQGLSTATKDTYDALHMQALPPR
CAR_mutant_279,EVMYPPPYLDNEKSNFTIIHVKGKHLCPSPLFPGPSKPFWVLVVVGGVLACYSLLVTVAFRIFWVRDKRSRLLHPDYMNLCPRPPGPTRKHYIPYYPPRDFAAYRSRVKFSRSADPPAYQCGQNQLYNELNLGRREEYDVLDKRTGRDPEMGGKPQRSKLPQEGLYNELQKDKMAEAYVEWGMKGERRRGKGHDGLYQGLSTATKDTYDALHMQALPPR
CAR_mutant_280,EVMYPPPYLDNEKSQGTIIHVKGKHLCPSPLFPGPSKPFWVLVVVWGVLACYSLLVTVAFIIFWVRSKRSRLLHSDYMNMTPRRPGPTRKHYQPYAPPRDFAAYRSRVKFSRSADAPAYQQGQNQLYLELNLGRREHYDVLDKRRGRDPEMGGVPQRRKNPQEGLYNELQKDKMAEAYSEIGMKGERRRIKGHDGLYQGLSTATKDTYDALHMQALCPR
CAR_mutant_281,EVMYPPPYLDNEKSNGTSIHVKGKHLCPSPLFPGPSKPFWVLVVVGGVLACYSLLVTVAFIIFWVRSKRSRLLHSDYMNMTPRRPGPTRKHYQPYAPPRDFAAYRSRVKFSRSADAPAYQQGQNQLYNELNLGWREEYDVLDKRRGRDPEMGGKPQRRKNPQEGLYNELQKDKMAEAYSEIGMKGERRRGKGHDGLYQGLSTATKDTYDALHMQALPPR
CAR_mutant_282,EVMYPPIYLDNEKSNGTIIHVKGKHPCPSPLFPGPSKPFWVLVVVTVVLACYSLLVTVAFIIFWVRSKRSRLLHSDYMNMTPRRPGPWRKHYQPYAFPRDFCAYRSRVKFSRSADAPAYQQGQNQLYNELNRGRREEYDVLDKRRGRDPEMGGKPQRRKNPQEGLYNELQKDKMAMAYSEIPMKGERRRGKGHDGLYQGLSTATKDTYDALHMQALPPR
CAR_mutant_283,EVMYPPPYLDNGKSNGTIAHHKGNHLCPSPLFPGNSKPFWVLVVGGGVLAWYRLLVTVAFIIFWVRSKRSRLLHSDYMNMTPRRPGPTRPHYQPYEPPRDFAAYRSRVKFSRSADAPAYQSGQNQLYNPLNCGRREEYDVLDKRRGRYPEKGGKPQRRKNPCEGLYNELQWDKMAEAYSEQGMKGERRRGKGHDGLYQGLSTATKDTYDVLHMQALPPR
CAR_mutant_284,NVMCPEPYLDNEKSNGTIIMVKGKHLCPSPLFPGPSAPFHVLVVVGGVVACYLPLVTVAFIIFWVRSKRSRLLHSDYMNMTPRRPGPTRKHYQPYAPPRDFAAYFSRVKFSRSADAPAYQQGQNQLYNELNLGRREEYDVLYKRRGRDPEMGGKPQRPKNPQEGLYNELQKDKMAEAYSEIGMKGERRRGKGHDGLYQGLSVKTKDTYDALFMQALPPR
CAR_mutant_285,EVMYPPPYLDNEKSNGTIIHVKGKHLCPSPLFPGPSKPFWVLVVVGGNLACYSLLETVAFIIFWVRSKRSRLLHSDYMNMTPRRPGPDRKHYQPYAPPRDFAAYGSRVKFSRSADAPAYQQGQNQLYNELNLGRREEYDVLDKRRGRDPEMGMKPRRRKNPQEGLYNELQKDKQAEAYPEIGMKGERRRGKGHDGLYQGLSTATYDTYDALHMQALPPR
CAR_mutant_286,EVMYPPVYLDNEKSNGTIIHVKGKHLCPSPLFPGPSKPFWVLVVVGGVLAKPSLLCTVAFIIFWVRSKRSRLENSDYMNMTPRRPGPTRKHYQPYAPPRDFAAYRSRVKFSRSADAPAYQQGQNQLYNELNLGGREEYDVLDKRRGRDPEMGGKPQRNKNIQEWLYNELQKDKMAEAYSEIGMKGERRRGKGHDGLYQGLSTATKDTYDALHMQALPPR
CAR_mutant_287,EWMGPPRYMDNEKSNGTIIHVKGKHLCPSPLFPGPSGPFWVLVVVGGVLACYSLLVTVAFIIFWVRSQRSRLLHSDYMNMTPRRPGPTRKHYQYYAPPRDFAAYRSRVKFSRSADALAYQQGQNQLYNELNLGRRNEYDELDHRRGRDPEMGGKPQRRKNPQEGLYNELQKDKMAEAYSEYGMKGERDRGKGHDGLYTGLSTATKDTYDALHMQDLPPR
CAR_mutant_288,EVMYPPPYLDNTKSNGTITHVKGKHLCGSPLFPGQSKPFWVLVVVGGVLACYSLLVLVAFIIFWVRSKRSRLLHSDYPNCTPRRPGPTRKHRQPYAPPRDTAAYRSRVKFSRSADAPAYQQQQNQLYNELNAGRREEYDVLDKRRWRDPEMGGKPQRRRQPQEGLYNELQKDKMAEAYSEIGMKGERRRGKGHDGLYQGLSTALRDHYDALHMQALEPR
CAR_mutant_289,EVMYPPPYLDNEKSNGTIIHVKGKHLCPSELFPGPSKPFWVLVVVGGVLACYSLLVTVAFIIFWVRSKRSRLLHSDYMNMTPRRPGPTRKHYQPYAPPRDFAAYRVRVKFSRLADAPAYQQGQNQLYNELNLGIREEYDVLDKQRGRDPEMGGKPQRRKNYQEGLYNELQKDKMAEAYSEIGMKGERRRCKEHDGLYQGLSTATPDTYDALHMQALPPR
CAR_mutant_290,EVMYPPPYLDNEKSNGTIIHVKGKHLCPSPLFPGMSKPFWVLIVVGGVLACYSLLVTVAFIIFWVRSKRSRLLHSDYMNMTPRRPGPTRKHYQPYAPPRDFAAYRSRVKFSRSADAPAYQQGSNQLYNELNLGRREEYDVLDKRRGRDPEMGGKPQRRKNPQEGLYNELKPDKMAEAYSEIGMKGERRRGKGHDGLYQGLSTATKDTYDALHMQALPRR
CAR_mutant_291,EVMYPPPYLDNEKSNGTIIHVKGKHLCPSPLFPGPSKPFWVLVVVGGVLACYSLLVTVAFIIFWVRSKRSRLLHSDYMNMTPRRPGPTRKHYQPYAPPRDFAVYRSRVKFSRSADSPAYQQGQNQVYNELNLGRREEYDVLDKRRGRDPEMGGKPQRRCNPQEGLYNELQKDKMAEAYSEIGMKGERRRGKGHDGLYQGLSTATKDTYDALDMQALPPR
CAR_mutant_292,EYMYPPPYLDNEKSNGTIIHVHGKVLCPSPLFPGPSKPFWVLVMVPGVLACYSLLVTVAFIIFWVRSKRSRLLHSDYMNMTPRRPGPTRKHYQPYAPPRDFAAYRSRVKFSRSADAPAYQQGQNQLYNELNLGRREEYDVLDKRRGRDPEMGGKPQRRKNPQEGLYNELQKDKMAIAYSEIGMKGERRRGKGHVGLYQGLSTATKDTYDALHMQALPPR
CAR_mutant_293,EVMYPPPYLDNEKSNGTIIHVKGKRLCPSPLCPGPSKPFWVLVVVGHVLACYSLLITTAFIIFWVRSKRSRLLHSDYMNMTNIRPGPPRKHYQPPAPPRDFAAYRSRVKFSRSADAPAYQQGQNQLYNELNLGRREEYDVFDKRRGRDPEMGGKPQRRKNPQEGLYNELDKDKMAEAYSEIGMKGERRRGKGHDGLYQGLSTATKDTADALHMQALPPK
CAR_mutant_294,EVMYPPPYLDNEKSNGTIIHVKGKHLCPSPLFPGPSKPFWVLVVVGGVLACYSLLVTVAFIIFWVRSKRSRLLHSDYMNMTPRRPGPTRKHYQPYYPPRDFAAYRSRVKFSRSADAPAYMQGQNQLYNELNLGRREEYCVLDKRRGRDPEMGGKIQRRKNPQEGLINELQKDKMAEAYSEIGMKGERRRGKGHDGLYQGLSTATKDTYDALHMCALPPR
CAR_mutant_295,EVMYPPPYLDNMKSNGTIIHVKGKHLCPSPRFPGPSKPFWVLVVVGGVLACYSLLVTVAFIIFWQRSKRSRLLHSDYCNMTPRRLYPTRKHYQSLAPPRDFAALRSRVKHSRSADAPAYQQGQNQLYIELNFGRREEYDVLDKRRARDPEMGGKPQRRKNPQEGLYNELQKDKMAEAYSEIPMKGERRRGKGHDGLYQGLSTATKDTYDALHMQALPPR
CAR_mutant_296,EVMYPPPYLDNEKSPGTIIKVKGKHQCPCPLFPGPSKPFWVLVVVGGVLAQYSLLVTVAFIIFWVRSKRSRLLHSDYINMTPRRPGPTRKHYQPYAPPRDFAAYRSRVKFSRSADAPAYQQGQNQLYNELNLGRREEYDVLDKRRGRDPEMGGKPQRRKNPQEGLYNELQKDKMAEAYSEIGMKGERRWGKGHDGLYQGLSTATKDTYIALHMQALPQR
CAR_mutant_297,EVMYPPPYLDWEKSNGTIKHVKGKHLCPSWLFPGPSKPFWVLVVVGGVLACYVLLVTVAFIIFRVRSKRSRLLHSDYMNMTPRRPGPTRKHYQPYAPPRDFAAYRARVKFSRSADAPAYQQGQNQLYNELNLGRREEYDVLDKRRGRDPEMGGKVQRRKNPQEGLYNELQKDKMAEAYSEIGMKGERRRGKGHDGLYQGLSTATKDTYDALHAQALPPR
CAR_mutant_298,EVMYPDPYYDNEKSNGTIIHVKGKFLCPSPLFPGPSKPFWPLVVVGGVLACYSALVTVAFIIFMVKSKRSRLLHSDYMNMTPRRPGPTRKKYQPYAPPRDFAAYRSRVKFSRSADAPAYLQGQNQLYNELNLGRREEYDVLDKRRGRDPEMGGKPQLRKNPQEGLYNELQKDAMAEAYSEIGMKGERRRGKGHDGLYYSLSTAKKDTYDALHMQALPPR
CAR_mutant_299,EVMYPPPYLDNEKSNGTIIHVKGKHLCPSPLFPGPSKPFWVLVVVGGVLACYSLLTTVSFIIFWVRSKRSRLLHSDYMNMTPRDPGPTRKHYPPYAPPRDFAAGSGRVKFSRSADAPAYQQGQNQLYNEINLGRREEYDVLDKRRGRDPEMGGKPQFRKNPQEGLYNELQKDKMAEAYSEIGMKGERRRGKGHDGLYQGASTATKDTYDALHMQALPPR
CAR_mutant_300,EVMYPPPYLDNEKSNGTIIHVKGKHLCPSPLFPGPSKPFWVLVVVGGVWLYYSLLVTVAFIIFWVRSKRSRLLHGDYMNMTPRRPGPTRKHYQPYAPPRDFAAYRWRVKFSRSADAPAYQQGQNQLYNELNLGRREEYDVLDKRRGTDPEMGGKPQRRKNPQEGLYNELQKDKMAEAYSEQGMKGERRRGKGHDGLYQGLSTATKDTYDALHMQALPPR
CAR_mutant_301,EVMYPPPYLDNEKSNGTIIHDKGKCLCPSPLFPGTSKPRWVLVVVGGVPACYSLLVTVAFIIFWVRSKRQRLLHSDYMNMTPRRPGPTRKHYQPYAPPRDFAGYRSRVKFSRSADAPAYQNGQNQLYNELNLGRREEYDVLDKRRGRDPEMGGKPQRRKNPQEGLYNELQKDKMAEAYSEIGMKGERRRGKGHDGLYQGLSTATADTRDALHMQALPPR
CAR_mutant_302,EVMYPPPYLDNEKSNGWIIHVKGKHLCPSPLFPGPSKPFWVLVVVGGVLACKSLLRGVAFIIFWVRSKRSRLLHSDYMNMTPRRPGPTRKHYQPYAPPHDFMAYKSRVKFSRSADAPAYQQGENQLYNELNLGGREEYDVLDKRRGRDPEMGGKPQRRKNPCEGLYNQLQKDKMAEAYSEIGMKGERRREKGHDGLYQGLSTATKDTYDALHMQARPPR
CAR_mutant_303,EVMYPPPYLDNEKSNGMAIHVKNKHLCPSPLFPGPSKPFWVLVVVGGVLATYSLLMTVAFIIFWVRSKRSVLLHSLYMNMTPNRPGPNRKHYQPYAPPRDFAWYRSRVKWSRSYDAPAYQQGQNQLYNELNLDRREEYDVLDKRRGRDPEMFGKIQRRKNSQEGLYFEVQKDKMAEAYSEIGMKGERRRGKGHDGLYQGLVTATKDTYCALHMQALPPR
CAR_mutant_304,EVMYPPNYLDNEKSNGTIIHVKGKHLCPSPLFPGPSPPFWVLVVVGGVLACYSLLVTVAPCIFWVRSKRSRLLHSDYANMTPRRPGPTRKHYQPYACPRDFAAYRSRVKVSRSADAPAYQQIQNQLYNELNLGRREEYDVLRKRRGRDPEMGGKYQRRKNPQERLYMELQKDKMAEAYSEIGMKNERRRGKGHDQLYQGLSTATKDTYEALHMQAEPPR
CAR_mutant_305,VVMYPPPYLDNEKSNGTIIHVKGKCLCPSPLFPGPSKSFWVLVVVGGVLACYHLLVTVAFIIFWVRSKRSRLLHSDYMNMTPRRAGPTRKHYQPYAPPRDFAAYRSRVCFWRSADAPAYQQGQNQLYNELNLGRREEYDVLDKRMGRDPEMGGKSQRHKNPQEGLYNELQKQKMKNAYSEIGMKGENRRGKGHDGLYLGLSTATKDTYDALHMQALPPR
CAR_mutant_306,EVMYPPPYLDNEKSNGTIIHVKGKHLCPSPLFPGPSKPFWVLVVVGGVLKWWSLLVTVAFIIFWVRSKRSRLLASDYMNMTPRRPGFTRKHMQPYAPPRDFAAYDSRVKFSRSADAPARQQGQNQLYNELNLGRREEDDVLDKRRGRDPEMGGKPQRRKNPQEGLYNNLQKDKMAEAYSEIGMKGERRRGNYHDGLYQGLSTAHKDTYDHLHMQALPPR
CAR_mutant_307,EVMYPPLYLDNEWSNGTFIHVCGKHLCPSPLFKGPSKPFWVLVVVGGVLACYSLLVTVAFIIFWVRSKRSRLLHSDYMNMTERRPGPTRKHDQPYAPERDFAAYRSRVKFSRSADAPAYQQGQNQLYNELNLGRREEYDVLDKRRGRDPEMGGKPQRRKNPQEGLYNELQKDKMAEAYSEIGMKGERRRGKGHDGLYQGISTATKDTYDALHMQALPPR
CAR_mutant_308,EVMYPPPYLDNEKSNMTIIHVKGKHLCPSPLFPGPSKPFWLLVVVGGVLAWYSLLVTVAFIIFWVRSKRSRPGHSDYMRMTPRRPGPTHKHYQPYAPPRDFAAYRSRVKFSRSADKPAYQQGQNQLYNELNLGRREEYDVLDKRRGRDPEMPGKPQRRKNPQEGLYNELQKDKMAEAYSEIGMKGERRRGKGHDFLYQGLSTATKDTYDALHMQALPPR
CAR_mutant_309,EYMYPPPYLDNEKSNGTIIHVKGYHLCPSPLFPGPSKPFWVLVVVGGVLACYSLLVTVAFIIFWVRSKRSRLLMSDYMNMTPRRPGPTRKHYQPYAPPRDFAAYRSRVKFSRSADAPAYQQGQNQLYNELNLGRREEYRVLDKRRGRDPEMGGKPQSRKNPQEGLYNELQKDKMAEAYSEIGMKGERRRGKGHDGLYQGLSTATKDTYDALHMQALPPR
CAR_mutant_310,EVMYPPPYLDNENSNGTIIHVKGKHLCPRPLFPGPSKPFWVLVVVGGVLACYSLLVTVAFSIFWVRSWRSRLLHSDYMNMTPRRPGPTRKHYQPYAPPRDFAAYRSRVKFSRSCDAPAYQQGQNSLYNELNLGRREEYDVLDKRRGRDPPMGGKPQRRKNPQEGLYNELQKSKMAEAYSEIGMKGERRRGKGHDGLYQGLSTAFKDTYDALHMQILPPR
CAR_mutant_311,EVMYPPPYLDNEKSNGTIIHVKGKHYCPSPLFFGPSKPFWNRVVAGGVLHCYMLLVTVAWIIFWYRSKRARLLHSDYMNMTPRRPGPTRKHYQPYAPPRDFAAYRSRVKFSRSADAPAYQVVQNQLYNELNLGRREEYDVLDKRAGRDPEMGGVPQRRKNPQEGLYNELQKDKMAEAYWEIGMKGERRRGKGHDGLYQGLSTATKDTYDALHMQSNPPR
CAR_mutant_312,EVMYPPPYLDNEKSNGTIIHVKGKHLCPSPLFPGPSKPFWVLVVVGGVLACYSLLVTVAFIIFWVRSKRSRLLTSDMMNMTPRRPGPTRKHYQPYAPPRDFAAYRSRVKFSRSADAPAYQQSQNQLYNQLNLGRREEYDVLDKRRGRDPEMGGKPQRRKNPQEGLYNELQKDKMAEAYSEIGMKGERRRGKGHDGLYQGLSTATKDTKDALHMQALPPR
CAR_mutant_313,EVMYPPPYFDNEKSNGTIIRVKGSHLCPSPLFPGPSKPFWVLVVVGGVCACYSLLVTVAFIIFWVRSKRSRLMHSDYMNMTPRRPGPTRKHYQPYAPPRDFAAYRSRVKFSRSADAPAYQQGQQQEYNELNLGRREEYDVLDKRRGRDPEMGGKDQVRKNPQEGLYNELMKDKMSEAYSEIGVKGERRRGKGHDGLYQGLSTATKDTIDALHMQALPYR
CAR_mutant_314,YVMYPPPCLDNLKSNGTIIHVKGKHLCPSELFPGPSKPFWVLVVVGGVLACYSLLVTVAFIIFWVRSKRSRLLHSDYMNMTPRRPGPTRKHYQPYAPPRDFAAYRSRVKFSRSADAPAYQQGQNQLYNELNLGRREEYDVLDKRRGRDPEMGGKPQRRKNPQEGLYNELQKDKMAEAYSEIYMKGERRRGKGHDGLYQGLSTATKDTYDALHMQALPPR
CAR_mutant_315,EVMYPPPYLDNEKSNGTIIHVKGMHLCPSPLFPGPSKPFWVLVVVGGVLACYSLLVTVAFIIFWVRSKRSRLLHSDYMNMTPRRPGPTRKHYQPYAPPRDFAAYRSRVWFSRSADNPAYQQEQNQLYNELNLGRREEVDVCDKRQGRDPEMGGKPQRRKNPQEGLYNELQKDKMAEAYSEIGMKGERRRGKGHDGLYQGLSTATKDTYDALEMQALPPR
CAR_mutant_316,EVMYPPPILDNEKSNGTIIHVKGKHLCPSPLFPGPSKPFWVLVVVGKVLACYSMLVTVAFIIFWVRSKRSRLLHSDYMNMTPRRPGPTRKHYQPYAPPRDFAAYRSRQKFSRCADAPAYQIGQYQLYNELNLGRREEYDVCDKRRGRDPEMGGKPQREKNPQEGLYNELLKDKMAEAYSEIGMKGERRRGKGHDGLYRTLSTATKDTYDALHMQALPPR
CAR_mutant_317,EVMYPPPYTDNEKSNGTIIHVKGKHLCPDPLFPGPSKPFWVLVEVGGVLACYSLLVTVAFIIFWVRSKRSRLLHSDYMNMTPRRPGPHRKHYQPYAPPRDDAAYTSRVKFSRSMDAPAYQQGQNQLYNELNLGRREEYHVLGERRGRDPEMGGKPQRRKNPQEGLPNEVQKDKMAEAYSEIGMKGENRRGKGHDGLYQGLSTATKDTYDALHMQALPPR
CAR_mutant_318,EVSYPPCYKDNEKSNGTIIHVKGKHKDPSPLFPGPFKPFWVLVVVGYVLACYSLLVTVAFIIFWVRSKRFRLLHSDYMNMTPRRPGPTRKHYQPYAPPRDFAAYWSRTKFSRSACAPAYQQGQNQLYNELNLGRREEYDVLDKRRGRDPEMGGLPQRRNNPQEGLHNELQKRKMAEAYSEIGMKGERRRGKGHDGKYQGLSTATKDTYDALHMQALPPR
CAR_mutant_319,EVMYPPPYLDNEKSNGTIIRVKGKHLCPSPLFPGPSKPFWVLVVVGGVLACYSLLVTVAFIIFWVRSKRSRLLHHDYMNRTPLRPGPTRKHYHPYAPPRDFAAYRSRVKFSRSADAPAYQQGQNQLYNWLNLGRREEYDVLDKRRGRDPEMGGKPQRRKNPQEGLYNELQKDKMAEAYSEIGMKGERRRGKGHDGLYNGLSTATKDTYDALHMQALPPR
CAR_mutant_320,EVMYPPGYTDQEKSNGTIIHVKGKHLMPSPLFPGPSKPFWVVVVVGGVLACYSLLVTVAFINFWVRSKRSRLLHSDYMNMTPRRPGPTRKHYQPYAPERDFAAYRSRVKYSRSADAPAYQQGQNQLPNELNLGRREEYDCLDKRRGRDPEMGQKPQRRKNPQEGLYNELQKDKMAEAYSEIGMKGERRRGKGHDGLYFGLSTATKDTYDALHMQALPPR
CAR_mutant_321,EVMYPPPYLDNEYSNGTHIHVKGKHLCPSPRFPGPSKPFWPLVVVGGVLACYSLLVTVAFIIFWVRSKRSRLLHSDYMNMTPRRPGPTRKHYQPYAPPRLFAAYRSRVKFSRSADAPAYQQGQNQLYNELNLGRREEYDVLDKRRGWDPEMGGKPQRRLNVQEGLYNELQKDKMAEAGSEIGMKGERRRGKCHDGLYQGLSTATKDQYDALHMFALPPR
CAR_mutant_322,EVMYPPQYLDNEKSNGTIIHVKGKFLCPSPLFPGPSKPFWVLVVVGGVLACYSLLVTVGFIIFWVRSKRSKLLHSDLMNMTPRRPGPTRKHYQPYAPPRDFAVYRSRVKFSRSADAPAYQQSQNQLYNELNLGRREEYDVLDKRRGRDPEMGGKPQRRKNPQECLYNELQKDKMAEAYSEIGISGERRRGKGHDGLYQGLDTAIKDTYDALHMQALPPR
CAR_mutant_323,EVMYPPPYLDNEKSNGTIIHVKGKHLCPSPLFPGPSKPFWVAVVVGGVLACYSLLVTVAFIIFWVRSKRSRLLHSDYMNMTPRQPGPTRKHYQPYAPVRDFAAYRSRVKFSRSADAPAYQQGQNQLYNILNLGRREEYDVLDKRRGRDPEMGGKPQRRKNPQEGLYNELQKDKMAEAYSEIGMKGERRRGKGHDGLYQGLSTATKDTYDALHMQALPPR
CAR_mutant_324,EVMYPPPYLDNEKSNGTIIHVKGKHLCPSPLFPGPSKPFWVLVVVGGVLACYSLLVPVAFIIFWVRSKDSREPHSDYMNMTPRRPGETRKHYQPYDPPRDFAAYRSRVKFSRQADAPAYQQGQNQLYNELNLGRREEYDVLDKRRGRDPEMGGKPQRRKNPQEGLYNELQKDKHAEAYSEIGMKGERRRGKGHDGLYQGLSTATKDTYDALHMQALPPR
CAR_mutant_325,EVMYPPPYLFNEKSIGTIICVKFRHLCPSPLFPGPSWPFWVLVVVGGVLACFSLLVTVAFIIFWVRSKRSRLLHSDYMNFTPRRPGPERKHYQPYAPPRDFAAYWSRDKFSRSADAPAYQQGQNQLYNELNLGRREEYDVLDKRRGRDPEMGGKPQRRPNPQEGLYPELQKDKMAEAYSEIGMAGERRRGKGHDGLYQGLSTATPDTYDALHMQALPPR
CAR_mutant_326,EVMYPPPYLDNEKSNGIIIHVKGKHLCPSPLFPGPSKPFWVLVVVGGVLACYSLLVMVAFIIKWVRSKRSRLLHSDYMNMTPRRPGPTRKHYQPYAPPRDFAAYRSRVKFSRSADAPAYQQQQNQLYNELNLGRREEYDVLDKRRGRDPEMGGKPQRRKNPQEGLYNFLQKDKMAEAYSEIVQKGERRRGKGHDGLYQGLSTATKDTYDALHMQALPPR
CAR_mutant_327,EVMYPPPYLDNEKSNGTIIHVKGKHLCPSPLFPGPSKEFWVLVVVGGVLACYSLLVTVAFIIFWVFSKRSRLLHSDYMNMTPRRPGPTRKHYQPYEPPRDFGAYRSRVKGSRSADAPAYPQGQTQLKNELNLGRREEYDVLDKRRGRDPEMGGAPQRRKNPQEGLSNELQKDKMAEEYSEIGMKGERRRGKPHDGLYMGLSTATKDTYDALHMQALPPR
CAR_mutant_328,EVMYPPPYLDNEKSNGTIIHVKGKHLCPSPLFPGPSKPFWVLVVVGGALACYSLLVTVAFIIFWVRSKRSRLLHSDYMNMTPRRWGPTRKHYQPYAPPRDFAAYRSRVKFSRSADAPAYQQGQNQLYNELNLGRREEYDVLDKRRGRDPEMGGKPQRRFNPQEGLYNEIQKDKMAEAYSEIGMKGERRRGKGRDGLYQGLSTAVKDTYDALHMQALPPR
CAR_mutant_329,EVMYPPPYLDNEKSNGTIIHVKGKHLCPSPLFPGPSKPFWVLVVVGGVLACYSLLVTCAFIIFWVRSKRSLLLHSDYMNMTPRRPGPTRKHYQPYAPPRDFAAYRSRVKFSRSADAPAHQQGQNQLYNELNFGRREEYDVLDKRRGRDPEMGGKPQRRKNPQDGLYNELQKDKMAEAESEIGMKGERRRGKGHDGLYQGLETATKDTYDALHMEALPPR
CAR_mutant_330,EVMYPPPYLDNEKSNGTIIHVKGKHLCPSPLFPGPSKPFWVLVVVGGVLACYSLLVTVAFIIFWVRSKRSRLLHSDYMNMTPRRPGPQRKHYQPYAPPRDFAAYRSRVKFSRSADAPAYQQGQNQLYNELNLGRREEYDFLDKRRGRDPEMGGKPQRRKNPGEGLYNELQKDKMAEAYSEIGMKGERRRGKGHDGLYQGLSTATKDTYDALHMQALPPR
CAR_mutant_331,EVMYPPPVLDNSKSNGTRIHVKGKHLCPSPLFPGPSKPFWVLVVVGGVLACYSLLVTVAFIIFWVRSKRSRLLHSFYMNMTPRRPPPTRKHYQPYAPPRDFASYRSRVKFSRSADAPAYQQGQNTLYNELNLGRREEYDVLDMRRGRDPEMGGKPQRRKNPQEGLYNELQKDKMAEAYSEIGMKGERRRGKGHDGLYQGLSTATKDTYDALHMQALPPR
CAR_mutant_332,EVMKPPPYLDNEKSNGTIIHWKGKHLCPSPLFPGPSKPFWGLVVVGTVLACYSLLVTVAFIIFWVRSKRSRLLCNDYMNMTPRRPGPTRKHYQPYAPPRDFAAYRDIVKFSRSADAPAMQQGQNQLYNELNLGRREEYDVLDKRRGRDPEMGHQPQRRKNYQEGLHNELQKDKMAEAYSEIGMKGTRRRGKGHDGLYQGLSTATKDTYDALHMQALPDR
CAR_mutant_333,EVMYPPPYLDNEKSNGTIIHVKGKHLCASPLFPGPSKPGWVLVVVGGVLACYSLLVTVAFIIFWVRSKRSRLLHSDYMNMTPRRPGPTRKHYQPYAPKRDFAAYRSRVKFSRSADAPAYQQGQNQLTNESNLGRREEYDVLDKRRGSDPEMGGKPQRRKNPQERLYNELQKDKMAEHYSEIGMKGERRRGKGHDGLYQGLSTATKDTYDALHMQALPPR
CAR_mutant_334,EHMYDPPYLDNEKSNGTIIHVKGKHLCMSPLFPGPSKPFWVLVVVGGVLACYSLLVTVAFIIFWVRHKRSRLHHSDYMNLTPRRPGYTRKHYQPLARPRDFAAYRSRVKFSRSDDAPAYQQGQNQLYNELNLGRREEYDVLDKRTGRDPEMIGKPQRRKNPQEGLYNELQKDKMACAYSEIGMKGERRRGKGHDGLQQGLSTATVDTYDAGHMQILPPR
CAR_mutant_335,EVMYPPPYLDNEKSNGTIIHVKGKHLCPSRLFPYPSKPFWVLVVVYGVLACKSLLVTVAFIIFWVRSKRSRLLFSDYMNMTPRRNGPTRKHYQPYAPPRDFAAYRSRVKFSRSADAPAYQQGQNQLYNELNLGRREEYDVLDKRRGRDPEMGGKPQRRANPQEGLYNELQKDKMAEAYSEIGMKGERRRGKGHDGLYQGLSTATKDTYDALHMQALPPR
CAR_mutant_336,EVMYPPPYLDNEKSNCKIIHVKEKHLCPSPLFPGPSKPFWFLVVVGGVLACYGLLVTVAFIIAWVRSKRSRLLHSDYMNMTPRRPGPTKKHYRPYAPPRDFAAYRSRVKFSSSAHAPAYQQGQNQLYNELNKGRRESYDVLDKRRGRDPEMGGKPQRWNNPQEGLYNELQKDKMAEAYSERGMKGERRRGKGHDGLLQGLSTATKDTYDALHMQALPPR
CAR_mutant_337,EVMYPPPYLDNEKSNGTIIHVKNKHLCPSPLFPGPSKPFLVLVVVGGVLACYSPLVTVAFEIFWVRSKRSRLLHSDYMNMTPRRPGPTRKHYQPAAPPRDFAAYRSRVKFSRSAPAPSYQQGQNQYYNETNLGAREEYDVLEKRRGRDPEMGGKPQRRKNPQEGLYNELQKDKMAEAYSEIGMKGERRRGKGHDGLYQGLSTATKDTYDALHMQALPPR
CAR_mutant_338,EVNYGLPYLDNEKPNGTIIHVKKKHLCPSPLFPGPSKPFWVLVRVGGVLACYSLLVFVAFIIFWVRSKRSRLLHSDYMNMTPRRPGPTRKHYQPYAPPRDFAAYRSRVKFSRSADAPAYQQGQNQLYNELNLLRRETYDVLDKRRGRVPEMGGKPQRRKNPWEGLYNELQKDKMAEAYSEHGMKGERRRGKGHDGLYQGHSTATKDTYDALHMQALPPR
CAR_mutant_339,YVTYPPPYLDNEKSNGPIIHVKGKHLCPSPLFPGPSKPNWVLVVVGGVLACYSLLVTVAFIIFWVRSKRSILCHSDLMNMTPRRPGPTRKHYQPYAPPNDFAASRIRVKFSRSADAKAYQQGQNQLYNELNLGRREEYDVLDKRWGRDPEMGGKPGRRKNPQLGLPNELQKDKMAEAYSEIGMKGERRRGKGHDGLYQGLSTATKDTYDALHMQALPPR
CAR_mutant_340,EVEYPPPYLDNEKSNGTIIHVKGKHLCPSPLFPGPSKPFWVLVVVGGVLACESLLVTVAFIIFWVRSKRSRCLHSDYMNMTPRRPDPTRKHYQPYAPPRDFAAYRSIVLFSRSADAPAYQQKQNQLYNELNLGRREEYDVLDKRRGRDPEMGGKPQRRKNPQEGLYNELQKDKMREAYQEIGMKGERRRGHGHDGLYQGLSTATKDTYDALHMQALPPR
CAR_mutant_341,EVMYPIPYLDNIKSNGTIIHTKGKHLCPSPLFPGPSKPFWVLVVVGGVLACYSLLVTVAFIIFWVRSKRSRLLHSDYMNMTPRRPGPTRKHYQPYAPPRDFAAYRSRVKFSRSADAPSYQQGQNQLYNELNVGRREEYDVLDKRRGRDPQMGGKPQRTKNPQEGLYNELQKDKMAEAYSEIGMKGERRRGKGHDCLYQGLSTATKDTYDALHMQDLPPR
CAR_mutant_342,EVMYPPPYLDNEKSNGTIIHVKGKHLCPSPLFPGPSKPFWVLVVVGGVLECYSLLVTVAFRIFWVRSKRSRLLGSDNMNMTPRRPGPTRKHYQPYAPPRDFAAYRIRVKFSRSADAPAYQQGQNQLYNELNAGRREEHDVLMKRRGRDPEMGGKPQRRKNPQEGWYNELQKDKMAEAYSEMGMKGERRRGKGHDGLYQGLSTATKDTYDALHMQALPPR
CAR_mutant_343,EVMYPPPYLDNEKSNGTIIHVKGKHLCPSPLFPGPSKPFWVLVVVGGVLACYSLLVTVAFIIFWVRSKRSRLLHSDYMNMTPRRPGPSRKHYQPYAPPRDFAAYRSRVKFSRSADAPAGQQGQNQLYNELNLGQREEYDVLDKRRGRDPEMGGKPQKRKNPQEGLYNELQKDKGCEAYHEIGMKGERRRGKGHDGLYQGLSTALKDTYDALHMQARPPR
CAR_mutant_344,EVMYPPPYLDAEKSNGTIIHVFGKHLHPSDLFAGPSKPFWVLVVVGGVLACYSLLVTVAFIIFWVRSKRSRLKHEDYMNMTPRRPGPTRKHYQPYAPPRPFAAYRSRVKFSRSADAPAYQQGQNQLYNELNLGRREEYDVLDKRRGRDPEMGGKPQRRKNPQEGLYNELQKDKMAEAYSEIGMKGERRRGKGHDGLYQGLSWATKDTYDALHMQALPPR
CAR_mutant_345,EVMYPPPYLDNEKSNGTIIHTKGKHLCPMPLFPGPSKPFLVLVVVGGVLACYSLLVTVAFMIFWVREKRSRLLHSDYMNMTPRRPGPTRKHYQPYAPPRDFAAYRSRVKFSRSADAPAVFQGQNQLYNELNLGRREEYDVLDKRRGRDPEMGRKPQRRKNPQEGLYNELQKDKMSEAYSEIGMKGERRRGKGHDGLYQGLSTATKDTYDALHMQALPPR
CAR_mutant_346,EVMYPPEYLDNEKSNGTIIHVPGKHLCPSPLFPGPSKPFWVLVVVGNVLACYSLLVTVAFIIFWVRSKRSRLLHSDYMNMTPRRPGPTRKHYQPYAPPRDFAAYRSRVKFSRSADAPAYQQGQNQLYNELNLGRREEYDVLDKRRGRDAEMGNKPQRRKNPQEGLYNELQKDKMARAYSEIGMKGERRRGKGHDGLYQNLSTATKDTYDALHMQALPPR
CAR_mutant_347,EVMYPPPYLDNEKSNGTIIHVCGGHLCPSPLFPGPSKPFWVLVVVGGVLACYSLLVTVAFIIFWVRSKRSRLLHSDYMNMTPRRPGETRKHYQPYAPPRDFAAYRSRVKFSWSADAPAYQQGQNQLYNELNLTRREEYDVLDKRRMRDPEMGGKPQRRKNPQEGLENELQKDKMEEAQSELGMKGERRRGKGHLGLYQGLSTATKCTYDALHIQALPPR
CAR_mutant_348,DVMYPPPYLDNEKSNGTIIHVKGKHLCPSPLFPGPSKPFWVLVVVGGVLACYSLLVTVAFIIFWVRSKRSRLLHSDYMNMTPRRPGPTRKHYQPYAPPRDFAAYRSRVKHSRSADAPAYQQGQNYLYNELNLGRREEYDVLLPRRGRDPEMGGKPQRRKNPQAGLYNELQKDKMAEAYSEIGMKGIRRRGKGGDGLYQGLSTPTKDTWDALHHQALPPR
CAR_mutant_349,EVMYPPPYLDNEKSNGTIIHVKGKHLCPSPLFPGPSKPFWVWVVGGGVLAHCSLNVTVAFIIFWVRSKRSRLLHSTYMNMTPRRPGPTRKHYQPYAPPRDFAAYRSRVKFQRSGDAPAYQQGQNQLYNELNLGRREEYDVLDHRRGRDPEMGGKPQRRKNPQEGLYNEEQKDKMAEAYSEITMKIERRRGKGHDGLYQGLSTATKDTYDALHMQALPPR
CAR_mutant_350,EVMYHPPYLDNEKSNGTIIHVKGKHLCPSPLFPGPSKPDWVLVVHGGVLACYSLLVTVAFIIFWVRSKRSVLLHSDRMFMTPRRPGPTRKHYQPYAPPRDFAAYRRRIKFSRSADAPAYQQGQNQLYNELNLGRREEYDVLDKRRGRDPEMGGKPQRRKNPQEGLYNELQKQKMAEAYSEIGYKGERRRGKGHDGLYQGLSTATKDTYDALHMQAAPPR
CAR_mutant_351,EVMYPPPYLDNEKSNGTIIHVKGKHLCPSPLFPGPSKPFWVLVVVGGVLACYSLLVTVAFIIFWVRSKRSRLLHSDYMNMTPRRPGPTRKHFQFYAPPRDFAAYRSRVDFSRSADAPAYQQGQNQLYNELNLGRREEYDYLDKRRGRDPEMGGKPQRRKNPQEGLYNELQKDKMAEAQSEIGMKGERRRGKGRDGLYQGLSTATKDTYDARHMQALPPR
CAR_mutant_352,EVMYPPPYLDNEKSNGTIIHVKGKHLCPSPLFPGPSKPFWVLVVVGGVLACYSLLVTVAFIIFWIRSKRSRLLHSDYMNMTVRRPGPTRKHYQPYWPPRDFTAYRSRVKFSRSADAPAYQQGSNQLYNELNLGRREEYDVLDKRRGRDPEMGGKPQRRKNPQEGLYNELQKDKMAEAYSEIGMKGERYRCKGHDGLYQGLSTATKDTYDALHMQALPPR
CAR_mutant_353,EVMYPPPYLDNEKSNGTIIHVKGKHLCPSPLFPGPSKPFWVLVVVGGVLACYSLLVNVAFIIFWVRSKRSRLLHSDYMNMTPRRPGPTRKHYQPYAPPRDFAAYRSRVKFSRSADAPAYQQGQNFLYMELNRGRREEYDVLNKRRGRDPEMGGRPQRRPNPQEGLYNELQKDKMAEAYSEIGMKGERRVGKGHDGLYCGLSTATKDTYDALHDQLLPPR
CAR_mutant_354,EVMYPPPYLDNEFSNGTIIHVKGKHLCPWPLFPGPSKPFWVLVVVGCVDACYSLLVTYAFIIFWVRSKRSRLLIKRYMNMTPRRPGPTRKHYQPYAPPRDFAAYRSRVKFSRSADAPAYQQGQNQLYNELNLGRREEYDVLDKRRGRDPEMGGKPARRKNMQEGLYNELQKYKTAEAYSEIGMKGERRRGKGHDGLYQGLSTRTKDTYDALHMQALPPR
CAR_mutant_355,EVMYPPPYLDNEKSNITICHVKGKHLYPHDLFPGPSKPFWVLVVVGGVRACYSLLVEVAFIIFWVRSKRSRLLHSDYMNMTPRRPGPTRKHYQPYAPPEDFAAYRSRVKFSRSTDAPAYQQGQNQLYNELNLGRREEYDVLDKRSGRDPEMGGKPQRRKNPQEGLYNELQKDKGAEAYSEIGMKGERRRGKGHDGLYQGLSTATKDTYDALHMQALPPR
CAR_mutant_356,DVMYPPPYLDNEWSNGTIIHVKGKFLCPSPLFPGPSKPFWVLVVVGGVLATYSLLVTVAKIIFWVRSKRSRLLDSDYMQMTPRRPGPGWSHYQPYAPPRDFAAYRSRVKFSRSADAPAYQQGCNQLYNELNLGRREEYDVLDKRRGRDPEMGGKPQRRKNPQEGLYNELQKDKMAEAYSEIGMKGERRRKKGRDGLYQGLSTATKDTYDALHMQALPPR
CAR_mutant_357,EVMRPPPYLDNEKSNGTIIHVKGKHLCPSPLFPGPSKPFWVLVVVGGVLACYSLLVLVAFIIFWVRSKRSRLLHSDYMNMTPRRPKPTRKMYNPYAPPRDFAAYRSRVKFSRSADAPAYQQGQNQLYNELLLGRREEYFHLDKRRNRDPEMGGKPQRRKNPQEGCYNELQKIKMAEAYSEIGMKGERRRGKGHDGLYQGLSTETKDTYDAHHMQALPPR
CAR_mutant_358,EVMYPPPYLDNEKSNGTIIHVKGKHLCPSPLFWGPSKPFWVLVVVGGVLACYSLLVTVAFIIFWVHSKWSSLLHSDYMNMTPRRPGPTRKHYQPYAPPRDFAAIRNRVKFSRSADAPAYQQGQNQLYNELNLGRREEYDVLDKRRGRDPEMGGKPQRRKNPQEGLYNELQKDKMAEAPSEIGMKGERRRGKGHDGLYQGLSTATKFTYDALHMQALPPT
CAR_mutant_359,EVMYDPPYLDNEKYNGTIIHVKGKHLCPSPLFPGPSKPFWVLVVVGGVLACYSLLVTVAFIIFWVRSKRSRLLHSDYMNMTPRRPGPTRKHYRPYAPPRDFAAYRSRVKPSDSADAPAYQQGQNQLYNELNLGSREEYDVLDKRRGRDPEMGGKDTRRKNPQEGLYNELQKDKMAEAYSEIGMKGKRRRGKGHDGLYQGLSTATKDTYDALHMQALPPR
CAR_mutant_360,EVMYPPPYLDNEKSNGTIIHVKGKHLCPSPLFPGPSKPFWVLVVVGGVLACYSLLVTVAFIIFWVRSKRSRLLHSDYMNMTPRRPGPTRKHYQTYAPPRDFAAYRSRVKLSRSADAPAYQQGQGQLYNELNLGRREEYDVLPKRRGRDPEMGGKWQRRKIPQEGLYNELQKDKMAEAYSEIGMKGERRRGLGHDGLYQGLSTETKDTVDALHMQALPPR
CAR_mutant_361,EVMYPPPYLDNEKSNGTIIHVKGKHLCPSPLFPGPSKPFWVLVVVGGVLACYSLLVTRAFIIFWVRSKRSRLLHSDYMNMTPRRPGPTRTHYAPYTHPRDFAAYRSRVKFSRSADAPAYQQGKNQLYNELNLGRREEYDVLDKRRGRLPETGGKPQPRKNPQEGLYNELQKDKMAEAYSEIGMKGERRRGKGHDGLYQGRSTATKDTYDALHMQALPPR
CAR_mutant_362,EVMYPPPYLDNEKSNGTIIHVKGKHACPSPLFPGPSKPFWVLVVVGGVLACYSLLVTVAFIIFWVRSKRSRLLHSDYMNMTPRRPGPTRKHYQPYAPPRDFAAYRSRVKDSRSADAPAYQQGQNQLYNELNLGRRWEYDGLDKRRGRDPEMGGKPWRRKNPQEGLYNALQKDKMAEAYSEIGMKGNRRRGKGHDGLYQGLSTAVKDTYDALHMQTLPPR
CAR_mutant_363,EVMYPPPYLDNEKSNGTIIHVKMKHLCPSPLFPGPFKPFWVLVVVGGVLACYSLLVTVAFIIFWVRSKRSRVLHSDYMNMTPRRPGPTRKHYQPYAPPRDFAAYRSRQKFPRSADAPAYQQGQNQLGNELNLGRREEYDVLDKRVARDPEMNGKPQRRKNPQEGLYNELQKDKMAEAYSEITMKGERRRGKGNDGLYQKLSTATKDTYDALHMQALPPR
CAR_mutant_364,EVMYWPPKLDNEKSNGTYIHVKGKHLCPSPLFPGPSKPFWVLEVVGGVLACYSLLVTVAFIIFWVRSKRSRLLHSDYMNMTPRRPGPTRKHYQPYAPPRDFAAYRSRVKFSRSADAPAYQQGQNQLYNELNLGRREEYLVLDPRRGRDPEMGGKPQRRKYPQEGLRNTLQKDKMAEAYSEIGIKGERRRGKGHDGLYQGLSTATKDTYDALHCQALPPR
CAR_mutant_365,EVMYPPVYLDNEKSNGTIIHVKQKHLCPSPLFPGPSKPFWVLVVVGGVLACYSLLVTVAFIIFWVRSKRSRLVHSDYMNITPRRPGPTRKHYQPYAPPRDFAAYRSRVKFSRSADAPAYQVGQNQLYNELNWGRREEYDVLDKRMGRDPEMGGKPQRRKNPQEGLYNERQKDKMAEAYSEIGMKGERRRGKGHDGLYQGLSCATKDTYDALHMQALPPR
CAR_mutant_366,EVMYPPPYLDNEKSNGTIIHVKGKHLCPKPLFPGPSKPFWWLVVVGGVLACYSLLVTVAFIIFWVRSKRSRLLHSDYMNMTPRRPGPTRKHYQPYAPPRDFAAYRSRVKFSRSADAPAYQQGQNQLYNELNLGRREKYDVKDKRRGRDPEMMGKPQRRKNPQEGLYNELQKDKMAAAYSAIGMKGERRRGKGHDGLYQGLSTATKDTYDALHMQALPQR
CAR_mutant_367,EVMYRPPYLDNEKSNGTIIHVKGKHLCPSPLFPGPSKPFWVLVVVGGVLACYSLLVTVAFIIFWVRSKRSRLLHSDYMNMTPRRPGPTRKHYQPYAPPRDFAAYRSRVKFSRSADAPAYQQGQNQLYYELNLGRREEYYVLDKRRGRDPEMGGKPQRRKNPQEGLYNELQKDKMAEAYSEIGMKGERRRGKGHDGLYQGLSTATKDTYDALHMQALPPR
CAR_mutant_368,EVMYPPPYLDNEKSNGTNCHVKGKHACPSPLFMGPSKPFWCLVVVGGVLACSSLLVFVAIIIFWVRSKRSRLLHSDYMNMTPRRPGPTRKHAQPYAPPRDFDAYRSRVKFSRSADAPAYQQGQPQLYNELNLGRREEYCVLDKRRGRDFEMGGKPQRRRNPQEGLYNEIQKDKMAEAYSEIGMKGERRRGKGHDGGYQGLSTPTKDTYTALCMQALPPR
CAR_mutant_369,EVMHPPPYLDNEKSNGIIIHVKGKHLCPSPLFPWRSKPFWVLVVVGGVLACYSLLVTVAFIIFWVFSKRSRILISDYMNTTPRRPGPTRKHYQPYAPPRDFAAYRSRVKFSRSADAPAYQQGQNQLYNELNLGRREEYDVLDKRRGRDPEMGGKPQRRKNPQEGLYNQLQHDKMAEAYSEIGMHGERRRGKGHDGLYQGLSTATKDTYDALHMQALPPR
CAR_mutant_370,EVMYPPPYLDNEKSNGTIIHVKGKHLCPSPLFPGPSKPFWVLVVVGGVLACYSLLVTVAFIIFWVRSKRSRLLHSDYMNMGPRRETPTRKPYQPYAPPRDFAAYRSRVKFSRSADAPRYQQGQNQLYNELNLGRRGEYDALDKDRHRDPEMGGKPQRRKNPQEGLYNELQADKMAEAYSEIGMKGERRRGKGHRGLYQGLSTATKDTYDALHMQALPPR
CAR_mutant_371,EVMYPPPYLDNEKSNGTIIHVKGKHLCPSPLFPGPTKPFWVLVWVGGVLACYYLLVTVVFIIFWVRSKRSRLLHSDYMNMTPRRPNPTRKHYQQYAPPRDFAAYRSRVKFSRSADAPAYQQGQNQLYNELNLGRREERDVLDKRRGRDPEMGGKPQRRKNPQEGLYNELQKDKMAEAYSEIGMKGERRRGKGHDGLYQRLSTATKDTYDALHMCALPPR
CAR_mutant_372,EVMYPPPYLDNEKFNGTIIHVKGKHLCPSPLFPGKSKHFWVLVVVWDVLACYSLIVTVAFIIFWVRSKRSRLLHSDYMNYTPRRPGYTRKHYQPYAPPRDFAAYRSRVKFSRSADAPAYQQGQNQLYNELHLGRREEYVVLDKRRGRSPEYGGKPQRRKNPQEGLYNELQKDKMAEAYSEIGMKGERRRGKGHDGLYQGLSTAPKDTYDALHMQALPPR
CAR_mutant_373,EVMYPQPYLKNEKSNGTIIHVKGKLLCPSPLFPGPSKFFWVLVVVGGVLACYSQCVTVAFIIFWVWSKRSRLLDSDYMNMTPRRPGPTCKHYQPYAPPRDFAAYRSRVKFSRSADAPAYQQGQNQGYNELNLGRREEYDVLDKRRGRDPEMGGKPQHRKNPQEGLYNYLQRDKMAEAYSEIGMKGERRRGKGHIGLYLGLSTAQKETLDALHPQALPPR
CAR_mutant_374,EVMYPPPYPDNEKSNGTIYHVKGKHLCPSPLFPGPSKPFWVLVVVGGVLACYSLLVTVAWIIFWVRSKMSRLLHSDYMNMTPRRPGPLVKHYQPYAPPRDFAAYRSRVKFSRSADAPARQQGQNQLYNELNLGRQEEYDVLDKRRGRDPEMGGKDQRRKNPQEGLYNELQKDHMTEAYSEMGMKGERRRGKGHDGLYQGLSTATKDTYDALHMQALPPR
CAR_mutant_375,EVIYPPPYLDNEKSNGTIIHVKGKHLCFSPLFPGPSKPFWVLVVVGGVIACYSLLVTVAFIIFWVRSKRSRLLHSDYMNMTPRRPGPTGKHDQLYAPPRDGAAYRSRVKFSRSLDAPAYQQGQNQLYNELNLGRREYYDVLDKRRGRDPEHGGKPQRRKNPQEELYNELQKDKMAEAYSEIGMKGERRRGKGMDGLQQGLSTATKDRYDALHMQALPPR
CAR_mutant_376,EVMYPPPYLDNEKSNETINHVKAKHLHPSPLFHGPSKPFWVLVVVGGVLACYSLLVTVAIIIFWVRSKRSRLLHSDYMNMTPRRPGPTRKHMQPYAPPRDFAAYRSRVKFSRSADAPAYQQGQNQLYNELNLGRREEPDVFDKRRGRDPEMGGKPQRRKNGQEGLYNELQKDKMAEAYNEIGMKGERRRKKGHDGLYQGLSTATKDTYDALHMNALPPR
CAR_mutant_377,EVMYPPPYLDNEKNNGTIISVKGKFLCPSPLFPGPSKPKWVLVVVGGILACYSLLVTVARIIFWVRSKRSRLLHSDYMNMHPRRPGPTGKHYQDYAPPRDFAAYRSRVKFSRSADAPAYQQGQNQLYNELNLGRREEYDVLDKRRGRDPEMGGKPQRRKNPQEGLYNELQKDCMAEAYSEIGMKGERRRGKGHDGLYQGLSTATKDTYDALHMQALPPR
CAR_mutant_378,EVMYPPPYLDNEKSNGTIIHVKGKHLCPSPNFPGPSKPFTVLVVVGGVLACYSLLVTVAFIIFWVRSKRSRLLHSDYMNMTPRRPGPTRKHYQAYASPRDFAAYRSRVKFSRMADAPAYQQGQNQLYNELNLGRREEYDVLDKRRGRDPEMGGKPQRRKNPQEGLYNELQKDKQAEAYSEIGMKGERRRGHGHDNLYQGLSTITKDTADALHMQALPPR
CAR_mutant_379,EVMYPPPYLDNEKSNGTIIHVYGKHLCPSPLFPGPSLPFHYLVVVGGVLACYSLLVTVATIIFWVRSKRDRLLHIDYMNMTPRRPGPTRKHYQPYAPPRDFFAYRLRVKFSRSADAPAYQQGQNQLYNELNLGRREEYDVLDKRRGRDPERGGKPQRRKNPQEGLYNELQKDKMAEAYSEIGMKGERRRGKGHDGLYQGLSTATKDTYDALHMQALPPR
CAR_mutant_380,EVMYPPPYLDNEKSNGTIIHVKGNHLCPSPKFPGPSKPFWVLVVVGGVLACYSLLVTRAFIIFWVRSKRSRLLHSDYMNMTPRRPGPTRKHYQPYAPPRDFAAYRSRVKFSRSADAPAYQWGQNQHYNELILGRYEEYDWLDKRRGRAPEMGGEPQRRKNPREGLYNELQKDKMAEAYSEKGMKGERRRGKGHDGLYQGLSTATKDTYDALHMQAHPPR
CAR_mutant_381,EVMYPPPYLDNEKSNGTIIHVKGKHLCPSPLFPGPSKPFWVLVVVGGVLACYSLLVTVAFIIFWVRRKRSRLLHSDYMNMTPRRPGPTRKHYQPYAPPRDFAAYRSRVKFSRSADAPAYQQGRNQLYNFLNLGRREEYDVLDKRRGRDPEMGGKPQRRKNPQEGLYNELQKDKMAEANSEIQEKGERRRGKEHAGLYQGLSWATKDTYDALHRQALPRR
CAR_mutant_382,EVMYPPPYLDNEKSNGTIIHVKGKHLCPSPLFPGPSKPFWVLVVVGGVLACYSLLVTVAFIIFWVRSKRSRLLHSDYMNMTPRRPGPHRKHYQPYAHPRDFAAYRSRVKFSRSADAPAYQQKQNQLYNELNLGRREEYKRLDKRMGRDPEMGGKPQRRKNPQENVYNELQKDKMAEAYSEIGMKAERRRGKGHDGLYQGLSTATKDTYDALHMQALPPK
